,text_id,begin,end,label,chunk
0,929334185,1,10,ID,929334185
1,FIH,11,14,ID,FIH
2,8151167,15,22,ID,8151167
3,53653,23,28,ID,53653
4,y9m1,29,33,ID,y9m1
5,539442,34,40,ID,539442
6,5/13/1994,41,50,DATE,5/13/1994
7,5/13/94,142,149,DATE,5/13/94
8,5/16/94,167,174,DATE,5/16/94
9,69,360,362,AGE,69
10,July,406,410,DATE,July
11,1993,414,418,DATE,1993
12,July,846,850,DATE,July
"13,November,1339,1354,DATE,""November , 1994"""
14,July,1255,1259,DATE,July
"15,September,1439,1457,DATE,""September 1 , 1993"""
"16,September,1621,1637,DATE,""September , 1993"""
"17,November,1571,1588,DATE,""November 5 , 1994"""
18,69,2919,2921,AGE,69
"19,May,3224,3237,DATE,""May 14 , 1994"""
20,May,3696,3702,DATE,May 15
21,May,4062,4068,DATE,May 16
22,526-6508,4048,4056,PHONE,526-6508
23,Wires,3976,3981,DOCTOR,Wires
24,Wires,4019,4024,DOCTOR,Wires
25,Douet,3863,3868,PATIENT,Douet
26,Wires,4265,4270,DOCTOR,Wires
27,Caslighlourdes,4279,4293,DOCTOR,Caslighlourdes
28,STIE,4296,4305,DOCTOR,STIE FYFE
29,RIEMIND,4329,4351,DOCTOR,RIEMIND CASLIGHLOURDES
30,5/16/94,4379,4386,DATE,5/16/94
31,05/17/94,4392,4400,DATE,05/17/94
32,979440029,1,10,ID,979440029
33,RWH,11,14,ID,RWH
34,2027705,15,22,ID,2027705
35,618070,23,29,ID,618070
36,3030191,30,37,ID,3030191
37,06/11/2005,38,48,DATE,06/11/2005
"38,ELKSFALCBAINKIH,156,176,PATIENT,""ELKSFALCBAINKIH , ON"""
39,2027705,183,190,ID,2027705
40,47,197,199,AGE,47
41,06/11/2005,221,231,DATE,06/11/2005
42,BURLTIS,252,268,NAME,BURLTIS TROWELKS
43,06/11/2005,371,381,DATE,06/11/2005
44,Wierstkotea,1033,1044,DOCTOR,Wierstkotea
"45,WIERSTKOTEA,1130,1148,DOCTOR,""WIERSTKOTEA , JETA"""
46,50927,1167,1172,ID,50927
"47,TROWELKS,1200,1218,NAME,""TROWELKS , BURLTIS"""
48,06/11/2005,1219,1229,DATE,06/11/2005
49,305265793,1,10,ID,305265793
50,FIH,11,14,ID,FIH
51,2833679,15,22,ID,2833679
52,88326,23,28,ID,88326
53,x91o,29,33,ID,x91o
54,688470,34,40,ID,688470
55,10/20/1992,41,51,DATE,10/20/1992
56,10/20/92,137,145,DATE,10/20/92
57,11/6/92,163,170,DATE,11/6/92
58,71,320,322,AGE,71
59,10/28/92,1883,1891,DATE,10/28/92
60,10/29,2630,2635,DATE,10/29
61,11/3/92,3488,3495,DATE,11/3/92
62,11/4/92,3669,3676,DATE,11/4/92
63,11/5/92,3881,3888,DATE,11/5/92
64,Chabechird,4249,4259,DOCTOR,Chabechird
65,Wood,4195,4199,DOCTOR,Wood
66,BRENDNIUNGAND,4425,4449,DOCTOR,BRENDNIUNGAND ASILBEKOTE
67,ERYJA,4473,4483,DOCTOR,ERYJA WOOD
68,11/6/92,4511,4518,DATE,11/6/92
69,11/09/92,4524,4532,DATE,11/09/92
70,Slaineaee,4542,4562,DOCTOR,Slaineaee Chabechird
71,356529973,1,10,ID,356529973
72,FIH,11,14,ID,FIH
73,2102647,15,22,ID,2102647
74,73383,23,28,ID,73383
75,3545,29,33,ID,3545
76,791416,34,40,ID,791416
77,1/19/1993,41,50,DATE,1/19/1993
78,1-19-93,159,166,DATE,1-19-93
79,1-25-93,184,191,DATE,1-25-93
80,52,1195,1197,AGE,52
81,1-19-93,1037,1044,DATE,1-19-93
82,1-19-93,3382,3389,DATE,1-19-93
83,Bone,5138,5142,DOCTOR,Bone
84,ERTCA,5172,5185,DOCTOR,ERTCA D. BONE
85,1-25-93,5213,5220,DATE,1-25-93
86,01/26/93,5226,5234,DATE,01/26/93
87,Bone,5256,5260,DOCTOR,Bone
88,Drabelk,5265,5277,DOCTOR,Drabelk Kote
89,Box,5281,5293,HOSPITAL,Box Memorial
90,Naabel,5320,5333,DOCTOR,Naabel Scgach
91,Bone,5338,5342,DOCTOR,Bone
92,506243692,1,10,ID,506243692
93,FIH,11,14,ID,FIH
94,6305145,15,22,ID,6305145
95,963632,23,29,ID,963632
96,439524,30,36,ID,439524
97,11/4/2000,37,46,DATE,11/4/2000
98,413-18-46,163,172,ID,413-18-46
"99,STATE,136,148,PATIENT,""STATE , ELRO"""
100,11/04/2000,190,200,DATE,11/04/2000
101,11/09/2000,218,228,DATE,11/09/2000
102,State,683,688,PATIENT,State
103,81,695,697,AGE,81
104,State,990,995,PATIENT,State
105,State,1134,1139,PATIENT,State
"106,May,1853,1863,DATE,""May , 1999"""
107,State,2205,2210,PATIENT,State
108,Quelene,2655,2662,LOCATION,Quelene
109,State,2930,2935,PATIENT,State
110,State,5377,5382,PATIENT,State
111,Uspend,5576,5594,HOSPITAL,Uspend Harmemewood
112,State,5920,5925,PATIENT,State
113,State,6096,6101,DOCTOR,State
114,Dyathenslycha,6166,6179,HOSPITAL,Dyathenslycha
115,Nieie,6136,6158,DOCTOR,Nieie Naebrand Freierm
116,State,6562,6567,DOCTOR,State
117,AKA,6596,6607,DOCTOR,AKA G STATE
118,AKA,6686,6697,DOCTOR,AKA G STATE
119,11/17/2000,6705,6715,DATE,11/17/2000
120,11/09/2000,6769,6779,DATE,11/09/2000
121,11/14/2000,6785,6795,DATE,11/14/2000
122,AKA,6808,6819,DOCTOR,AKA G STATE
123,AMAN,6827,6848,DOCTOR,AMAN SCKOLLMINEVUILLE
124,FA,6856,6876,DOCTOR,FA HEN KNOTTIPPSFYFE
125,CARDIAC,6615,6648,HOSPITAL,CARDIAC TRANSPLANT STEMSTRICTALLE
126,649953363,1,10,ID,649953363
127,8723483,15,22,ID,8723483
128,249112,23,29,ID,249112
129,912397,30,36,ID,912397
130,12/19/2000,37,47,DATE,12/19/2000
"131,UPH,155,164,PATIENT,""UPH , JIM"""
132,8723483,171,178,ID,8723483
133,57,185,187,AGE,57
134,12/19/2000,209,219,DATE,12/19/2000
135,12/19/00,319,327,DATE,12/19/00
136,Asha,240,253,NAME,Asha Vengloan
"137,Vengloan,873,888,NAME,""Vengloan , Asha"""
138,12/19/2000,889,899,DATE,12/19/2000
139,Linketerf,743,752,DOCTOR,Linketerf
140,851842962,1,10,ID,851842962
141,FIH,11,14,ID,FIH
142,6185944,15,22,ID,6185944
143,052710,34,40,ID,052710
144,23763,23,28,ID,23763
145,4988,29,33,ID,4988
146,9/14/1993,41,50,DATE,9/14/1993
147,9-14-93,147,154,DATE,9-14-93
148,9-26-93,172,179,DATE,9-26-93
149,Noughwell,371,396,HOSPITAL,Noughwell Entanbon Health
150,937-392-3033,409,421,PHONE,937-392-3033
151,Roarl,308,313,LOCATION,Roarl
152,Nygarthxi,352,367,DOCTOR,Nygarthxi Anoun
153,80,278,280,AGE,80
154,9/14/93,467,474,DATE,9/14/93
155,Noughwell,747,772,HOSPITAL,Noughwell Entanbon Health
156,Anoun,804,809,DOCTOR,Anoun
157,Fairm,993,1014,HOSPITAL,Fairm of Ijordcompmac
158,80,1546,1548,AGE,80
159,Li,1584,1586,LOCATION,Li
160,Fairm,3345,3366,HOSPITAL,Fairm of Ijordcompmac
161,9/14/93,3398,3405,DATE,9/14/93
162,9/15/93,3457,3464,DATE,9/15/93
163,9/21/93,5383,5390,DATE,9/21/93
164,Kingganmonttri,7246,7260,HOSPITAL,Kingganmonttri
165,Gocapeque,7280,7289,LOCATION,Gocapeque
166,Maryland,7292,7300,LOCATION,Maryland
167,9/29/93,7730,7737,DATE,9/29/93
168,Li,7786,7799,DOCTOR,Li Rhalttland
169,LENNI,8081,8096,DOCTOR,LENNI BREUTZOLN
170,9-25-93,8124,8131,DATE,9-25-93
171,09/25/93,8137,8145,DATE,09/25/93
172,LI,8151,8164,DOCTOR,LI RHALTTLAND
173,442434998,1,10,ID,442434998
174,FIH,11,14,ID,FIH
175,7427446,15,22,ID,7427446
176,07344,23,28,ID,07344
177,q56k,29,33,ID,q56k
178,288662,34,40,ID,288662
179,3/13/1992,41,50,DATE,3/13/1992
180,3-13-92,145,152,DATE,3-13-92
181,3-20-93,170,177,DATE,3-20-93
182,3-15-93,445,452,DATE,3-15-93
183,61,736,738,AGE,61
184,1984,792,796,DATE,1984
185,1989,801,805,DATE,1989
"186,November,811,826,DATE,""November , 1992"""
187,Heart,881,886,DOCTOR,Heart
188,A.stevensjmonte,890,905,HOSPITAL,A.stevensjmonte
"189,January,1235,1249,DATE,""January , 1993"""
190,January,1092,1099,DATE,January
191,Hellworthston,3219,3232,HOSPITAL,Hellworthston
"192,March,3515,3530,DATE,""March 15 , 1993"""
193,Heart,3543,3548,DOCTOR,Heart
194,Heart,4117,4122,DOCTOR,Heart
195,Ma,4126,4138,HOSPITAL,Ma Squiteton
196,Heart,4156,4161,DOCTOR,Heart
197,ECHO,4198,4204,DOCTOR,ECHO A
198,3-20-93,4232,4239,DATE,3-20-93
199,03/21/93,4245,4253,DATE,03/21/93
200,Heart,4263,4268,DOCTOR,Heart
201,113416550,1,10,ID,113416550
202,PRGH,11,15,ID,PRGH
203,13523357,16,24,ID,13523357
204,630190,25,31,ID,630190
205,6/7/1999,32,40,DATE,6/7/1999
206,06/07/1999,99,109,DATE,06/07/1999
207,06/13/1999,150,160,DATE,06/13/1999
208,Cornea,208,214,PATIENT,Cornea
209,60,220,222,AGE,60
210,Weamanshy,480,489,HOSPITAL,Weamanshy
211,April,508,516,DATE,April 28
212,7th,1400,1411,DATE,7th of June
213,Kotefooksshuff,1419,1433,DOCTOR,Kotefooksshuff
214,THAMETO,2143,2156,DOCTOR,THAMETO DOYLE
215,OS43,2164,2168,ID,OS43
216,RF6,2210,2219,ID,RF6 ZY525
217,1920,2220,2224,ID,1920
218,PRO,2181,2202,DOCTOR,PRO R. KOTEFOOKSSHUFF
219,YFKAJTRZX9,2249,2259,ID,YFKAJTRZX9
220,69874,2233,2238,ID,69874
221,06/13/99,2264,2272,DATE,06/13/99
222,06/13/99,2277,2285,DATE,06/13/99
223,April,719,727,DATE,April 14
224,Lisonatemi,326,352,HOSPITAL,Lisonatemi Faylandsburgnic
225,172897359,1,10,ID,172897359
226,8244699,15,22,ID,8244699
227,319757,23,29,ID,319757
228,99267,30,35,ID,99267
229,7/13/1998,36,45,DATE,7/13/1998
"230,ABREUN,139,156,PATIENT,""ABREUN , BRIANG N"""
231,245-99-08,171,180,ID,245-99-08
232,07/13/1998,198,208,DATE,07/13/1998
233,09/20/1998,226,236,DATE,09/20/1998
"234,August,554,570,DATE,""August 17 , 1998"""
235,May,795,803,DATE,May 1998
236,Abreun,720,726,PATIENT,Abreun
237,fifty,732,742,AGE,fifty nine
238,May,903,906,DATE,May
239,1998,910,914,DATE,1998
"240,July,1415,1429,DATE,""July 13 , 1998"""
241,Fairm,1502,1523,HOSPITAL,Fairm of Ijordcompmac
242,May,1661,1669,DATE,May 1998
243,Abreun,4151,4157,PATIENT,Abreun
244,August,4688,4699,DATE,August 29th
245,Abreun,4706,4712,PATIENT,Abreun
246,Abreun,4922,4928,PATIENT,Abreun
247,July,5081,5090,DATE,July 25th
248,August,5272,5282,DATE,August 9th
249,August,5368,5379,DATE,August 29th
"250,September,5897,5918,DATE,""September 16th , 1998"""
251,Abreun,6014,6020,PATIENT,Abreun
252,22nd,6184,6196,DATE,22nd of July
253,August,6263,6274,DATE,August 29th
254,Abreun,6765,6771,PATIENT,Abreun
255,August,7061,7072,DATE,August 29th
256,Freiermthalskush,7227,7243,DOCTOR,Freiermthalskush
257,Abreun,7770,7776,PATIENT,Abreun
258,July,7973,7982,DATE,July 25th
259,August,8191,8202,DATE,August 29th
260,Fairm,8601,8622,HOSPITAL,Fairm of Ijordcompmac
261,Abreun,8977,8983,PATIENT,Abreun
262,Fairm,9016,9037,HOSPITAL,Fairm of Ijordcompmac
263,Abreun,9855,9861,PATIENT,Abreun
264,August,10481,10492,DATE,August 29th
265,Abreun,11048,11054,PATIENT,Abreun
266,Fairm,11067,11088,HOSPITAL,Fairm of Ijordcompmac
267,Abreun,11575,11581,PATIENT,Abreun
268,Fairm,11699,11720,HOSPITAL,Fairm of Ijordcompmac
269,August,11908,11919,DATE,August 29th
270,Abreun,12546,12552,HOSPITAL,Abreun
271,fifty,12558,12568,AGE,fifty nine
272,Fairm,14670,14691,HOSPITAL,Fairm of Ijordcompmac
273,(,15140,15156,PHONE,( 644 ) 075-7150
274,Vontha,15110,15124,DOCTOR,Vontha Elkszuk
275,STA,15159,15171,DOCTOR,STA BODEJOVE
276,REY,15195,15217,DOCTOR,REY CAFFEFALMYORETLAND
277,09/19/1998,15238,15248,DATE,09/19/1998
278,09/20/1998,15254,15264,DATE,09/20/1998
279,REY,15277,15306,DOCTOR,REY SALBMO CAFFEFALMYORETLAND
280,VONTHA,15314,15328,DOCTOR,VONTHA ELKSZUK
281,(,15337,15353,PHONE,( 644 ) 075-7150
282,353101799,1,10,ID,353101799
283,PRGH,11,15,ID,PRGH
284,08386825,16,24,ID,08386825
285,386174,25,31,ID,386174
286,01/10/1999,32,42,DATE,01/10/1999
287,01/10/1999,107,117,DATE,01/10/1999
288,01/13/1999,158,168,DATE,01/13/1999
289,54,414,416,AGE,54
290,1978,696,700,DATE,1978
291,1981,817,821,DATE,1981
292,1985,860,864,DATE,1985
293,1998,1063,1067,DATE,1998
"294,October,1141,1155,DATE,""October , 1998"""
295,04/98,1290,1295,DATE,04/98
296,06/98,1358,1363,DATE,06/98
297,10/98,1437,1442,DATE,10/98
298,Spanton,1667,1683,HOSPITAL,Spanton Memorial
299,01/06,1854,1859,DATE,01/06
300,Pointexasp,2010,2027,HOSPITAL,Pointexasp Region
301,01/09/99,4683,4691,DATE,01/09/99
302,01/13/99,5210,5218,DATE,01/13/99
303,Foot,6129,6133,PATIENT,Foot
304,Foot,404,408,PATIENT,Foot
305,Sawbelbcount,6241,6253,DOCTOR,Sawbelbcount
306,TOYA,6419,6429,DOCTOR,TOYA NIQUE
307,TX55,6437,6441,ID,TX55
308,QV707/2165,6482,6492,ID,QV707/2165
309,NABETH,6454,6469,DOCTOR,NABETH GLYNCRED
310,55527,6501,6506,ID,55527
311,G3SF59627T,6517,6527,ID,G3SF59627T
312,01/13/99,6532,6540,DATE,01/13/99
313,01/13/99,6545,6553,DATE,01/13/99
314,Beth,6563,6580,DOCTOR,Beth Sawbelbcount
315,Spanton,6583,6599,HOSPITAL,Spanton Memorial
316,Spanton,6622,6638,HOSPITAL,Spanton Memorial
317,Sta,6613,6619,DOCTOR,Sta An
318,997390203,1,10,ID,997390203
319,69360664,16,24,ID,69360664
320,PRGH,11,15,ID,PRGH
321,5262027,25,32,ID,5262027
322,06/09/2004,33,43,DATE,06/09/2004
323,06/09/2004,94,104,DATE,06/09/2004
324,06/15/2004,145,155,DATE,06/15/2004
325,STYFI,168,183,DOCTOR,STYFI LINKEJESC
326,65,266,268,AGE,65
327,1997,375,379,DATE,1997
328,New,511,523,HOSPITAL,New Wishwarm
329,May,604,607,DATE,May
330,06/14/04,961,969,DATE,06/14/04
331,06/15/04,1201,1209,DATE,06/15/04
332,1-5733522,1359,1368,ID,1-5733522
333,GDNvvu,1369,1375,ID,GDNvvu
"334,KOTERUDES,1394,1415,DOCTOR,""KOTERUDES , CONRELLIE"""
"335,LINKEJESC,1428,1445,DOCTOR,""LINKEJESC , STYFI"""
336,6880872,1459,1466,ID,6880872
337,06/25/04,1471,1479,DATE,06/25/04
338,06/25/04,1484,1492,DATE,06/25/04
339,110477301,1,10,ID,110477301
340,FIH,11,14,ID,FIH
341,6582882,15,22,ID,6582882
342,672220,23,29,ID,672220
343,488259,30,36,ID,488259
344,1/10/1999,37,46,DATE,1/10/1999
"345,GACOBECHAFF,140,163,PATIENT,""GACOBECHAFF , NACHIDE N"""
346,199-13-34,178,187,ID,199-13-34
347,01/10/1999,205,215,DATE,01/10/1999
348,01/16/1999,233,243,DATE,01/16/1999
349,65,529,531,AGE,65
350,1995,666,670,DATE,1995
"351,April,744,756,DATE,""April , 1998"""
352,Cuchsoissfreiermcot,800,819,DOCTOR,Cuchsoissfreiermcot
353,1/10/99,2369,2376,DATE,1/10/99
354,1/14/99,3322,3329,DATE,1/14/99
355,Valtawnprinceel,3140,3174,HOSPITAL,Valtawnprinceel Community Memorial
356,Cuchsoissfreiermcot,3194,3213,DOCTOR,Cuchsoissfreiermcot
357,Cuchsoissfreiermcot,3825,3844,DOCTOR,Cuchsoissfreiermcot
358,RYNLORKAND,3968,3983,DOCTOR,RYNLORKAND JESC
359,BERTKO,4007,4036,DOCTOR,BERTKO J. CUCHSOISSFREIERMCOT
360,01/16/1999,4058,4068,DATE,01/16/1999
361,01/16/1999,4074,4084,DATE,01/16/1999
362,RYNLORKAND,4097,4112,DOCTOR,RYNLORKAND JESC
363,NABETH,4120,4135,DOCTOR,NABETH GLYNCRED
364,BERTKO,4163,4198,DOCTOR,BERTKO JERELIZE CUCHSOISSFREIERMCOT
365,533289709,1,13,ID,533289709 YC
366,20543098,14,22,ID,20543098
367,466847,23,29,ID,466847
368,12/29/2002,30,40,DATE,12/29/2002
369,12/29/2002,94,104,DATE,12/29/2002
370,12/31/02,267,275,DATE,12/31/02
371,74R-484,222,229,ID,74R-484
"372,MEEDSLEMA,383,400,DOCTOR,""MEEDSLEMA , YUHAN"""
373,Floor,1137,1142,DOCTOR,Floor
"374,ALB,2921,2933,DOCTOR,""ALB , MAA A."""
375,Floor,2483,2488,DOCTOR,Floor
376,EK243,2943,2948,ID,EK243
377,793183831,1,10,ID,793183831
378,0442446,16,23,ID,0442446
379,437894,24,30,ID,437894
380,4529306,31,38,ID,4529306
381,PUMC,11,15,ID,PUMC
382,9/20/2003,39,48,DATE,9/20/2003
"383,HEESCKIH,138,154,PATIENT,""HEESCKIH , ORA N"""
384,535-96-29,169,178,ID,535-96-29
385,09/20/2003,196,206,DATE,09/20/2003
386,10/06/2003,224,234,DATE,10/06/2003
"387,""Ponta,itri-"",771,793,HOSPITAL,""Ponta,itri- University"""
388,74,829,831,AGE,74
"389,November,6238,6256,DATE,""November 25 , 2003"""
"390,Oct,7532,7544,DATE,""Oct 6 , 2003"""
"391,November,7575,7593,DATE,""November 25 , 2003"""
"392,Oct,8206,8219,DATE,""Oct 15 , 2003"""
393,LYN,8220,8235,DOCTOR,LYN MEARD SCALE
394,Lyn,8116,8128,DOCTOR,Lyn Ralekote
395,(,8163,8179,PHONE,( 692 ) 673 3025
396,LYN,8281,8296,DOCTOR,LYN MEARD SCALE
397,LYN,8351,8366,DOCTOR,LYN MEARD SCALE
398,11/04/2003,8304,8314,DATE,11/04/2003
399,10/02/2003,8388,8398,DATE,10/02/2003
400,10/03/2003,8404,8414,DATE,10/03/2003
401,437894,8422,8428,ID,437894
402,LYN,8434,8449,DOCTOR,LYN MEARD SCALE
403,192218121,1,10,ID,192218121
404,ELMVH,11,16,ID,ELMVH
405,32853200,17,25,ID,32853200
406,913527,26,32,ID,913527
407,12/10/2002,33,43,DATE,12/10/2002
408,12/10/2002,103,113,DATE,12/10/2002
409,12/11/2002,147,157,DATE,12/11/2002
410,545-04-86-7,210,225,ID,545-04-86-7 V25
411,72A-034,233,240,ID,72A-034
"412,PULEFREIERM,189,209,PATIENT,""PULEFREIERM , BELLEI"""
413,12/11/02,278,286,DATE,12/11/02
"414,KOTEDAIZREKE,394,416,DOCTOR,""KOTEDAIZREKE , LILA LA"""
415,12/11/02,572,580,DATE,12/11/02
"416,LILLEGEERS,584,605,DOCTOR,""LILLEGEERS , JOPRE L."""
417,12/10/02,812,820,DATE,12/10/02
"418,LILLEGEERS,824,845,DOCTOR,""LILLEGEERS , JOPRE L."""
419,12/10/02,1118,1126,DATE,12/10/02
"420,LILLEGEERS,1130,1151,DOCTOR,""LILLEGEERS , JOPRE L."""
421,12/11/02,1650,1658,DATE,12/11/02
"422,LILLEGEERS,1662,1683,DOCTOR,""LILLEGEERS , JOPRE L."""
423,12/10/02,1889,1897,DATE,12/10/02
"424,LILLEGEERS,1901,1922,DOCTOR,""LILLEGEERS , JOPRE L."""
425,12/10/02,2177,2185,DATE,12/10/02
"426,LILLEGEERS,2189,2210,DOCTOR,""LILLEGEERS , JOPRE L."""
427,12/10/02,2540,2548,DATE,12/10/02
"428,LILLEGEERS,2552,2573,DOCTOR,""LILLEGEERS , JOPRE L."""
429,12/11/02,2929,2937,DATE,12/11/02
430,Koteskismanhout,3214,3229,DOCTOR,Koteskismanhout
431,Necrestneysagiles,4788,4805,HOSPITAL,Necrestneysagiles
432,194-329-4301,4839,4851,PHONE,194-329-4301
433,12/12/02,4854,4862,DATE,12/12/02
434,Nardvirg,4898,4908,ORGANIZATION,Nardvirg S
"435,ZISKFUSCJALK,5059,5087,DOCTOR,""ZISKFUSCJALK , ACRI JAYNEAEM"""
436,LO31,5097,5101,ID,LO31
437,12/11/02,5104,5112,DATE,12/11/02
438,109277792,1,10,ID,109277792
439,RWH,11,14,ID,RWH
440,3477400,15,22,ID,3477400
441,810976,23,29,ID,810976
442,7792902,30,37,ID,7792902
443,01/30/2004,38,48,DATE,01/30/2004
"444,SHUFFSKOCKOTESKI,156,178,PATIENT,""SHUFFSKOCKOTESKI , DRU"""
445,3477400,185,192,ID,3477400
446,51,199,201,AGE,51
447,01/30/2004,223,233,DATE,01/30/2004
448,01/30/2004,386,396,DATE,01/30/2004
"449,SILBEDOUETTLAND,819,843,DOCTOR,""SILBEDOUETTLAND , KOMAND"""
450,Freiermchird,730,742,DOCTOR,Freiermchird
"451,DOUET,756,767,DOCTOR,""DOUET , LAH"""
452,19061,786,791,ID,19061
453,KOMAND,254,276,DOCTOR,KOMAND SILBEDOUETTLAND
454,445912627,1,10,ID,445912627
455,RWH,11,14,ID,RWH
456,9201893,15,22,ID,9201893
457,581259,23,29,ID,581259
458,275867,30,36,ID,275867
459,5/10/2001,37,46,DATE,5/10/2001
460,9201893,170,177,ID,9201893
461,62,184,186,AGE,62
462,05/10/2001,208,218,DATE,05/10/2001
463,05/10/2001,372,382,DATE,05/10/2001
"464,JESC,289,308,PATIENT,""JESC , DIMPCRI INEO"""
465,Ro,348,368,HOSPITAL,Ro Woodma Healthcare
466,662-747-1199,561,573,PHONE,662-747-1199
467,80665,625,630,ID,80665
"468,JESC,144,163,PATIENT,""JESC , DIMPCRI INEO"""
469,12-6-93,136,143,DATE,12-6-93
470,12-9-93,161,168,DATE,12-9-93
471,75,193,195,AGE,75
472,Iming,233,238,HOSPITAL,Iming
473,12-6-93,434,441,DATE,12-6-93
474,November,528,541,DATE,November 1993
475,75,478,480,AGE,75
476,1992,964,968,DATE,1992
477,1993,1057,1061,DATE,1993
478,11-11-93,1236,1244,DATE,11-11-93
479,Xas,1206,1223,HOSPITAL,Xas Tupalmsmodral
480,12-6-93,2192,2199,DATE,12-6-93
481,Cean,3284,3288,LOCATION,Cean
482,Dieseld,3295,3312,DOCTOR,Dieseld Pollejesc
483,TELSHEY,3599,3612,DOCTOR,TELSHEY STUDY
484,12-9-93,3640,3647,DATE,12-9-93
485,12/11/93,3653,3661,DATE,12/11/93
486,Telshey,3671,3684,DOCTOR,Telshey Study
487,721435037,1,10,ID,721435037
488,ELMVH,11,16,ID,ELMVH
489,09537628,17,25,ID,09537628
490,3925896,26,33,ID,3925896
491,7/17/2003,34,43,DATE,7/17/2003
492,07/17/2003,92,102,DATE,07/17/2003
493,07/18/2003,136,146,DATE,07/18/2003
494,005-89-63-9,196,211,ID,005-89-63-9 I03
495,5P-882,219,225,ID,5P-882
496,07/18/03,263,271,DATE,07/18/03
"497,WIERSTPREHE,178,195,PATIENT,""WIERSTPREHE , HEA"""
"498,NETESLEM,379,398,DOCTOR,""NETESLEM , AONRA A."""
499,Oghagneuph,963,973,DOCTOR,Oghagneuph
500,Necrestneysagiles,977,994,HOSPITAL,Necrestneysagiles
501,August,1019,1027,DATE,August 5
502,Wierstprehe,1529,1540,PATIENT,Wierstprehe
503,62,1546,1548,AGE,62
504,4/02,1594,1598,DATE,4/02
505,07/18/03,3298,3306,DATE,07/18/03
"506,KOTE,3262,3273,DOCTOR,""KOTE , JOHE"""
507,2/2,1608,1611,DATE,2/2
508,2/9,1675,1678,DATE,2/9
509,647737749,1,10,ID,647737749
510,ELMVH,11,16,ID,ELMVH
511,34150921,17,25,ID,34150921
512,2775834,26,33,ID,2775834
513,10/1/2005,34,43,DATE,10/1/2005
514,10/01/2005,93,103,DATE,10/01/2005
515,10/02/2005,137,147,DATE,10/02/2005
516,03F-312,228,235,ID,03F-312
517,833-16-37-2,205,220,ID,833-16-37-2 N31
518,10/02/05,273,281,DATE,10/02/05
"519,SCARV,389,410,DOCTOR,""SCARV , STAJOH NETONE"""
"520,TIKFREIERMMOONE,179,204,PATIENT,""TIKFREIERMMOONE , RIRAOCA"""
521,10/02,696,701,DATE,10/02
522,10/02/05,862,870,DATE,10/02/05
523,10/26,1184,1189,DATE,10/26
524,10/16/05,1296,1304,DATE,10/16/05
525,Sharp,1159,1164,DOCTOR,Sharp
526,Sharp,1203,1208,DOCTOR,Sharp
"527,Sharp,1378,1394,DOCTOR,""Sharp , Tlorieen"""
"528,VEOAKKOTEPRIOR,3640,3661,DOCTOR,""VEOAKKOTEPRIOR , VE N"""
529,10/02/05,3678,3686,DATE,10/02/05
530,10/26,3566,3571,DATE,10/26
531,10/1,3168,3172,DATE,10/1
532,10/1,3197,3201,DATE,10/1
533,1993,1831,1835,DATE,1993
534,10/1,1925,1929,DATE,10/1
535,844970557,1,14,ID,844970557 RWH
536,4822461,15,22,ID,4822461
537,736093,23,29,ID,736093
538,8962225,30,37,ID,8962225
539,11/16/2004,38,48,DATE,11/16/2004
540,497-36-84,167,176,ID,497-36-84
541,11/16/2004,194,204,DATE,11/16/2004
542,11/18/2004,222,232,DATE,11/18/2004
"543,NINSRUDES,138,152,PATIENT,""NINSRUDES , LI"""
544,37,304,306,AGE,37
545,Ice,532,535,DOCTOR,Ice
546,Ro,1598,1618,HOSPITAL,Ro Woodma Healthcare
547,Levels,1828,1834,DOCTOR,Levels
"548,November,2272,2290,DATE,""November 18 , 2004"""
549,Levels,2450,2456,DOCTOR,Levels
550,RASIE,2626,2640,NAME,RASIE GNUSMOAG
551,ERLNA,2679,2694,DOCTOR,ERLNA F. LEVELS
552,ERLNA,2749,2764,DOCTOR,ERLNA F. LEVELS
553,12/14/2004,2702,2712,DATE,12/14/2004
554,11/18/2004,2785,2795,DATE,11/18/2004
555,11/19/2004,2801,2811,DATE,11/19/2004
556,ERLNA,2831,2846,DOCTOR,ERLNA F. LEVELS
557,305265793,1,10,ID,305265793
558,2833679,15,22,ID,2833679
559,34596/33q2,23,33,ID,34596/33q2
560,119849,34,40,ID,119849
561,9/9/1993,41,49,DATE,9/9/1993
562,9/9/93,135,141,DATE,9/9/93
563,9/12/93,159,166,DATE,9/12/93
564,71,209,211,AGE,71
565,Istooksu,298,306,HOSPITAL,Istooksu
"566,April,539,551,DATE,""April , 1992"""
"567,April,1208,1220,DATE,""April , 1992"""
"568,July,2353,2364,DATE,""July , 1993"""
569,STA,2658,2670,DOCTOR,STA BODEJOVE
570,SLAINEAEE,2694,2714,DOCTOR,SLAINEAEE CHABECHIRD
571,9/20/93,2742,2749,DATE,9/20/93
572,09/23/93,2755,2763,DATE,09/23/93
573,Reke,2773,2792,DOCTOR,Reke Dr. Chabechird
574,305265793,1,10,ID,305265793
575,2833679,15,22,ID,2833679
576,58208/9t7e,23,33,ID,58208/9t7e
577,971039,34,40,ID,971039
578,5/8/1993,41,49,DATE,5/8/1993
579,5-8-93,159,165,DATE,5-8-93
580,5-11-93,183,190,DATE,5-11-93
581,71,460,462,AGE,71
"582,February,880,897,DATE,""February 3 , 1992"""
583,February,2620,2628,DATE,February
584,Large,2982,2987,DOCTOR,Large
585,January,1227,1234,DATE,January
586,1992,1238,1242,DATE,1992
587,KITRI,3111,3121,DOCTOR,KITRI CURB
588,SLAINEAEE,3145,3163,DOCTOR,SLAINEAEE S. LARGE
589,5-11-93,3191,3198,DATE,5-11-93
590,05/12/93,3204,3212,DATE,05/12/93
591,Large,3234,3239,DOCTOR,Large
592,305265793,1,10,ID,305265793
593,2833679,15,22,ID,2833679
594,74738/2av5,23,33,ID,74738/2av5
595,543247,34,40,ID,543247
596,09/21/1992,41,51,DATE,09/21/1992
597,09/21/92,170,178,DATE,09/21/92
598,09/24/92,196,204,DATE,09/24/92
599,1980,353,357,DATE,1980
600,Slaineaee,365,379,DOCTOR,Slaineaee Ganz
601,June,827,836,DATE,June 1992
602,June,1320,1329,DATE,June 1992
603,SLAINEAEE,3732,3746,DOCTOR,SLAINEAEE GANZ
604,TOMEDANKELL,3687,3708,DOCTOR,TOMEDANKELL FLOWAYLES
605,09/24/92,3774,3782,DATE,09/24/92
606,09/27/92,3788,3796,DATE,09/27/92
607,Anticoagulation,3027,3042,HOSPITAL,Anticoagulation
608,seventy-one,428,439,AGE,seventy-one
609,305265793,1,10,ID,305265793
610,2833679,15,22,ID,2833679
611,29588/3am0,23,33,ID,29588/3am0
612,839370,34,40,ID,839370
613,01/06/1992,41,51,DATE,01/06/1992
614,01-06-92,147,155,DATE,01-06-92
615,1-9-92,173,179,DATE,1-9-92
616,01-06-92,323,331,DATE,01-06-92
617,1-8-92,340,346,DATE,1-8-92
618,71,395,397,AGE,71
"619,December,1385,1402,DATE,""December 8 , 1992"""
620,November,1971,1984,DATE,November 1992
"621,January,5402,5418,DATE,""January 8 , 1992"""
622,Chabechird,5876,5886,DOCTOR,Chabechird
623,RAHZACK,5899,5913,DOCTOR,RAHZACK INNELL
624,SLAINEAEE,5937,5957,DOCTOR,SLAINEAEE CHABECHIRD
625,01-07-92,5985,5993,DATE,01-07-92
626,01/08/92,5999,6007,DATE,01/08/92
627,Slaineaee,6017,6044,DOCTOR,Slaineaee Chabechird Palmda
"628,November,1040,1058,DATE,""November 28 , 1992"""
629,305265793,1,10,ID,305265793
630,2833679,15,22,ID,2833679
631,61793/5e2q,23,33,ID,61793/5e2q
632,901693,34,40,ID,901693
633,09/02/1992,41,51,DATE,09/02/1992
634,09-02-92,150,158,DATE,09-02-92
635,9-14-92,176,183,DATE,9-14-92
636,71,395,397,AGE,71
637,July,933,937,DATE,July
638,1992,941,945,DATE,1992
"639,July,951,965,DATE,""July 27 , 1992"""
"640,August,1455,1470,DATE,""August 4 , 1992"""
"641,August,1320,1335,DATE,""August 3 , 1992"""
642,August,1476,1484,DATE,August 8
"643,September,1894,1912,DATE,""September 2 , 1992"""
"644,August,1848,1864,DATE,""August 29 , 1992"""
"645,August,2442,2458,DATE,""August 29 , 1992"""
"646,September,6531,6550,DATE,""September 11 , 1992"""
"647,September,7108,7127,DATE,""September 14 , 1992"""
648,Santea,7736,7750,HOSPITAL,Santea Gehawhi
649,Santea,7811,7825,HOSPITAL,Santea Gehawhi
650,Fairm,7893,7914,HOSPITAL,Fairm of Ijordcompmac
651,Gableslandbaltma,7788,7804,LOCATION,Gableslandbaltma
652,Chabechird,8303,8313,DOCTOR,Chabechird
653,RAHZACK,8354,8368,DOCTOR,RAHZACK INNELL
654,SLAINEAEE,8392,8415,DOCTOR,SLAINEAEE S. CHABECHIRD
655,9-15-92,8443,8450,DATE,9-15-92
656,09/18/92,8456,8464,DATE,09/18/92
657,Kayshe,8486,8498,DOCTOR,Kayshe Asilv
658,305265793,1,10,ID,305265793
659,2833679,15,22,ID,2833679
660,44807/072t,23,33,ID,44807/072t
661,458891,34,40,ID,458891
662,5/14/1992,41,50,DATE,5/14/1992
663,5/14/92,136,143,DATE,5/14/92
664,5/19/92,161,168,DATE,5/19/92
665,71,251,253,AGE,71
666,5/2,364,367,DATE,5/2
667,Korcblinknud,375,387,DOCTOR,Korcblinknud
668,Median,685,691,DOCTOR,Median
669,Fairm,1075,1096,HOSPITAL,Fairm of Ijordcompmac
670,Sephsandpot,923,934,HOSPITAL,Sephsandpot
671,1988,1236,1240,DATE,1988
672,71,1616,1618,AGE,71
673,5/14/92,2141,2148,DATE,5/14/92
674,5/19,2901,2905,DATE,5/19
675,MA,3156,3179,DOCTOR,MA JAMTLANDBRANTESSLIGH
676,COR,3203,3212,DOCTOR,COR TLAND
677,07/02/92,3240,3248,DATE,07/02/92
678,07/07/92,3254,3262,DATE,07/07/92
679,010760828,1,10,ID,010760828
680,4604997,15,22,ID,4604997
681,76732/99w3,23,33,ID,76732/99w3
682,503426,34,40,ID,503426
683,3/1/1994,41,49,DATE,3/1/1994
684,3-1-94,135,141,DATE,3-1-94
685,3-14-94,159,166,DATE,3-14-94
686,77,208,210,AGE,77
687,Goo,484,487,LOCATION,Goo
688,1991,1004,1008,DATE,1991
689,Reg,1451,1457,DOCTOR,Reg He
690,Lenchermoi,1880,1899,DOCTOR,Lenchermoi Fyfesaul
691,LENNI,2086,2098,DOCTOR,LENNI E. CEA
692,3-11-97,2126,2133,DATE,3-11-97
693,03/13/94,2139,2147,DATE,03/13/94
694,677051476,1,10,ID,677051476
695,4871976,15,22,ID,4871976
696,46286/a787,23,33,ID,46286/a787
697,826393,34,40,ID,826393
698,1/11/1992,41,50,DATE,1/11/1992
699,01-11-92,136,144,DATE,01-11-92
700,01-22-92,162,170,DATE,01-22-92
701,1/12/92,311,318,DATE,1/12/92
702,Tikrhalt,540,548,PATIENT,Tikrhalt
703,86,555,557,AGE,86
704,Ko,967,969,DOCTOR,Ko
705,Fede,2864,2880,DOCTOR,Fede A. Duhenile
706,1/12/92,2886,2893,DATE,1/12/92
707,Ko,5823,5825,DOCTOR,Ko
708,8/27/92,5925,5932,DATE,8/27/92
709,Visiting,6052,6079,ORGANIZATION,Visiting Nurses Association
710,TOMEDANKELL,6193,6214,DOCTOR,TOMEDANKELL FLOWAYLES
711,01-21-92,6243,6251,DATE,01-21-92
712,01/22/92,6257,6265,DATE,01/22/92
713,Ko,6275,6277,DOCTOR,Ko
714,86,2703,2705,AGE,86
715,894133108,1,10,ID,894133108
716,8429895,15,22,ID,8429895
717,37537/44bm,23,33,ID,37537/44bm
718,279017,34,40,ID,279017
719,02/04/1992,41,51,DATE,02/04/1992
720,02/04/92,137,145,DATE,02/04/92
721,02/15/92,163,171,DATE,02/15/92
722,68,218,220,AGE,68
723,Cla,312,330,HOSPITAL,Cla Lip Operinlafo
724,Fairm,1046,1067,HOSPITAL,Fairm of Ijordcompmac
725,Fairm,1225,1246,HOSPITAL,Fairm of Ijordcompmac
726,1979,1631,1635,DATE,1979
727,02/11,3138,3143,DATE,02/11
728,Valtawnprinceel,3996,4030,HOSPITAL,Valtawnprinceel Community Memorial
729,TOYA,4077,4087,DOCTOR,TOYA NIQUE
730,02/16/92,4115,4123,DATE,02/16/92
731,02/19/92,4129,4137,DATE,02/19/92
732,013496896,1,10,ID,013496896
733,4925669,15,22,ID,4925669
734,21983/7jk2,23,33,ID,21983/7jk2
735,129165,34,40,ID,129165
736,02/22/1992,41,51,DATE,02/22/1992
737,02/22/92,151,159,DATE,02/22/92
738,03/08/92,177,185,DATE,03/08/92
739,03/03/92,575,583,DATE,03/03/92
740,Sep/24/05,736,745,DATE,Sep/24/05
741,02/23/92,797,805,DATE,02/23/92
742,72,929,931,AGE,72
743,Per,1169,1188,HOSPITAL,Per Naplesspecrycet
744,Tau,1991,2003,HOSPITAL,Tau Memorial
745,Freiermthalskush,2035,2051,DOCTOR,Freiermthalskush
746,02/22,2128,2133,DATE,02/22
747,3/3/92,2681,2687,DATE,3/3/92
748,03/07/92,3005,3013,DATE,03/07/92
749,SHERMENE,3283,3300,DOCTOR,SHERMENE JESCSELC
750,LENNI,3324,3339,DOCTOR,LENNI BREUTZOLN
751,03/08/92,3369,3377,DATE,03/08/92
752,03/10/92,3383,3391,DATE,03/10/92
753,Person,3401,3407,DOCTOR,Person
754,405728860,1,10,ID,405728860
755,7150860,15,22,ID,7150860
756,05849/1xpu,23,33,ID,05849/1xpu
757,994032,34,40,ID,994032
758,1/3/1994,41,49,DATE,1/3/1994
759,1-3-94,142,148,DATE,1-3-94
760,1-9-94,166,172,DATE,1-9-94
"761,January,405,421,DATE,""January 3 , 1994"""
762,December,997,1005,DATE,December
763,1992,1009,1013,DATE,1992
764,September,1177,1186,DATE,September
765,1992,1190,1194,DATE,1992
766,1992,987,991,DATE,1992
767,September,1488,1497,DATE,September
768,December,1630,1638,DATE,December
769,1993,1501,1505,DATE,1993
770,1994,1642,1646,DATE,1994
771,June,1581,1585,DATE,June
772,1993,1589,1593,DATE,1993
773,1971,2360,2364,DATE,1971
774,1937,2391,2395,DATE,1937
775,1991,2411,2415,DATE,1991
776,1983,2214,2218,DATE,1983
777,1992,2434,2438,DATE,1992
778,1992,2462,2466,DATE,1992
779,1991,2492,2496,DATE,1991
"780,January,3748,3764,DATE,""January 3 , 1994"""
781,Fairm,3666,3687,HOSPITAL,Fairm of Ijordcompmac
782,Fede,4760,4773,DOCTOR,Fede Duhenile
783,CA,4844,4852,DOCTOR,CA SHUFF
784,FEDE,4876,4886,DOCTOR,FEDE LEVEL
785,1-9-94,4914,4920,DATE,1-9-94
786,01/10/94,4926,4934,DATE,01/10/94
787,405728860,1,10,ID,405728860
788,7150860,15,22,ID,7150860
789,25532/83f7,23,33,ID,25532/83f7
790,805510,34,40,ID,805510
791,11/26/1992,41,51,DATE,11/26/1992
792,11-26-92,134,142,DATE,11-26-92
793,12-04-92,160,168,DATE,12-04-92
794,11-28-92,335,343,DATE,11-28-92
795,65,518,520,AGE,65
796,Duhenile,906,914,DOCTOR,Duhenile
797,1983,1246,1250,DATE,1983
798,11-27-92,2703,2711,DATE,11-27-92
799,11-28-92,2808,2816,DATE,11-28-92
800,Besti,3069,3084,DOCTOR,Besti Kotebreun
801,12-04-92,4722,4730,DATE,12-04-92
802,STA,4793,4811,DOCTOR,STA TITCHEGRIESESC
803,FEDE,4835,4848,DOCTOR,FEDE DUHENILE
804,12-06-92,4876,4884,DATE,12-06-92
805,12/09/92,4890,4898,DATE,12/09/92
806,399210956,1,10,ID,399210956
807,6954426,15,22,ID,6954426
808,09629/6841,23,33,ID,09629/6841
809,790815,34,40,ID,790815
810,9/18/1993,41,50,DATE,9/18/1993
811,09/18/93,152,160,DATE,09/18/93
812,09/29/93,178,186,DATE,09/29/93
813,09/22/93,464,472,DATE,09/22/93
814,75,509,511,AGE,75
815,06/93,791,796,DATE,06/93
816,08/07/93,1004,1012,DATE,08/07/93
817,Fairm,1032,1053,HOSPITAL,Fairm of Ijordcompmac
818,1987,1808,1812,DATE,1987
819,06/93,1875,1880,DATE,06/93
820,09/18/93,1626,1634,DATE,09/18/93
821,Iron,3609,3613,PATIENT,Iron
822,Ossontonville,3634,3672,HOSPITAL,Ossontonville Milt Ywestmeadtl Marlenc
823,09/21/93,3855,3863,DATE,09/21/93
824,09/22/93,4501,4509,DATE,09/22/93
825,09/23,4625,4630,DATE,09/23
826,09/26/93,4891,4899,DATE,09/26/93
827,09/29/93,5304,5312,DATE,09/29/93
828,Tiffill,5450,5465,DOCTOR,Tiffill Sapnins
829,Dingclearf,5469,5501,HOSPITAL,Dingclearf Alllirefaith Memorial
830,Dwainco,5519,5540,DOCTOR,Dwainco Rallsversgach
831,H,5592,5608,HOSPITAL,H Health Network
832,MARGNA,5807,5818,DOCTOR,MARGNA IRON
833,01/09/94,5846,5854,DATE,01/09/94
834,01/10/94,5860,5868,DATE,01/10/94
835,Tiffill,5878,5893,DOCTOR,Tiffill Sapnins
836,Dwainco,5898,5919,DOCTOR,Dwainco Rallsversgach
837,399210956,1,10,ID,399210956
838,6954426,15,22,ID,6954426
839,14242/826r,23,33,ID,14242/826r
840,788206,34,40,ID,788206
841,11/26/1993,41,51,DATE,11/26/1993
842,11/26/93,174,182,DATE,11/26/93
843,12/6/93,200,207,DATE,12/6/93
844,Fairm,622,643,HOSPITAL,Fairm of Ijordcompmac
845,11/06/93,656,664,DATE,11/06/93
846,70,403,405,AGE,70
847,11/10,738,743,DATE,11/10
848,Fairm,1861,1882,HOSPITAL,Fairm of Ijordcompmac
"849,Friday,3459,3472,DATE,""Friday , 1963"""
850,Coumadin,5794,5802,HOSPITAL,Coumadin
851,12/7/93,5813,5820,DATE,12/7/93
852,12/21/93,5853,5861,DATE,12/21/93
853,1/24/94,5893,5900,DATE,1/24/94
854,Surgery,5456,5463,HOSPITAL,Surgery
855,SANDSHAEARL,6123,6140,DOCTOR,SANDSHAEARL AREAS
856,12/6/93,6168,6175,DATE,12/6/93
857,12/07/93,6181,6189,DATE,12/07/93
858,399210956,1,10,ID,399210956
859,6954426,15,22,ID,6954426
860,59986/3015,23,33,ID,59986/3015
861,071004,34,40,ID,071004
862,08/27/1992,41,51,DATE,08/27/1992
863,08-27-92,137,145,DATE,08-27-92
864,09-05-92,163,171,DATE,09-05-92
865,75,218,220,AGE,75
866,Arizona,513,520,LOCATION,Arizona
867,Fairm,760,781,HOSPITAL,Fairm of Ijordcompmac
868,08-27-92,2620,2628,DATE,08-27-92
869,09-03-92,3233,3241,DATE,09-03-92
870,10-21-92,4174,4182,DATE,10-21-92
871,10/22/92,4188,4196,DATE,10/22/92
872,A,4141,4146,DOCTOR,A HAS
873,356529973,1,10,ID,356529973
874,2102647,15,22,ID,2102647
875,14892/3n8v,23,33,ID,14892/3n8v
876,481088,34,40,ID,481088
877,7/9/1993,41,49,DATE,7/9/1993
878,7-9-93,132,138,DATE,7-9-93
879,7-15-93,156,163,DATE,7-15-93
"880,June,982,996,DATE,""June 22 , 1993"""
881,1970,1208,1212,DATE,1970
882,April,853,863,DATE,April 1992
883,52,517,519,AGE,52
884,1980,1259,1263,DATE,1980
885,February,1760,1773,DATE,February 1989
886,September,1943,1957,DATE,September 1992
887,June,1873,1882,DATE,June 1993
888,July,2939,2945,DATE,July 9
889,Cancer,4665,4671,DOCTOR,Cancer
890,Kotefold,4689,4697,DOCTOR,Kotefold
891,Cancer,4706,4712,DOCTOR,Cancer
892,KITRI,4715,4725,DOCTOR,KITRI CURB
893,EARNRA,4749,4762,DOCTOR,EARNRA CANCER
894,07-15-93,4790,4798,DATE,07-15-93
895,07/16/93,4804,4812,DATE,07/16/93
896,Ertca,4822,4834,DOCTOR,Ertca Cancer
897,Kotefold,4841,4849,DOCTOR,Kotefold
898,333145593,1,10,ID,333145593
899,9229891,15,22,ID,9229891
900,27487/f4b3,23,33,ID,27487/f4b3
901,699211,34,40,ID,699211
902,4/1/1993,41,49,DATE,4/1/1993
903,4-1-93,135,141,DATE,4-1-93
904,4-13-93,159,166,DATE,4-13-93
905,4-2-93,498,504,DATE,4-2-93
906,4-8-93,605,611,DATE,4-8-93
907,No,721,723,PATIENT,No
908,65,729,731,AGE,65
909,1986,755,759,DATE,1986
910,Stoningi,842,850,LOCATION,Stoningi
911,Kansas,853,859,LOCATION,Kansas
912,Noughwell,813,831,HOSPITAL,Noughwell Entanbon
913,1991,1174,1178,DATE,1991
914,G,1318,1324,DOCTOR,G Hemp
915,Brown,1375,1380,DOCTOR,Brown
916,Na,1384,1386,HOSPITAL,Na
917,Brown,1515,1520,DOCTOR,Brown
918,No,1732,1734,PATIENT,No
919,Brown,2966,2971,DOCTOR,Brown
"920,April,3141,3155,DATE,""April 2 , 1993"""
"921,April,3767,3781,DATE,""April 8 , 1993"""
922,G,3788,3794,DOCTOR,G Hemp
923,No,4525,4527,PATIENT,No
924,4-13-93,4801,4808,DATE,4-13-93
925,4-13-93,5481,5488,DATE,4-13-93
926,TAARNNA,5537,5557,DOCTOR,TAARNNA LANCELOILNEG
927,4-14-93,5585,5592,DATE,4-14-93
928,04/15/93,5598,5606,DATE,04/15/93
929,Shajen,5616,5628,DOCTOR,Shajen Brown
930,G,5633,5639,DOCTOR,G Hemp
931,407060601,1,10,ID,407060601
932,9835577,15,22,ID,9835577
933,74261/1069,23,33,ID,74261/1069
934,663014,34,40,ID,663014
935,01/12/1992,41,51,DATE,01/12/1992
936,01-12-92,137,145,DATE,01-12-92
937,02-01-92,163,171,DATE,02-01-92
938,80,190,192,AGE,80
939,Fairm,254,275,HOSPITAL,Fairm of Ijordcompmac
940,11th,292,296,DATE,11th
941,01/03/92,560,568,DATE,01/03/92
942,Atl,724,731,LOCATION,Atl Mil
943,Maryland,734,742,LOCATION,Maryland
944,Oakwest,746,753,LOCATION,Oakwest
945,01/10/92,757,765,DATE,01/10/92
946,Box,990,1002,HOSPITAL,Box Memorial
947,Fairm,1209,1230,HOSPITAL,Fairm of Ijordcompmac
948,Box,1315,1327,HOSPITAL,Box Memorial
949,Telshey,1275,1286,DOCTOR,Telshey Peg
950,Rerhea,1294,1303,DOCTOR,Rerhea T.
951,Ona,1545,1548,HOSPITAL,Ona
952,Fairm,3489,3510,HOSPITAL,Fairm of Ijordcompmac
953,08/91,1532,1537,DATE,08/91
954,1973,1668,1672,DATE,1973
955,1982,1701,1705,DATE,1982
956,1965,1710,1714,DATE,1965
957,1967,1735,1739,DATE,1967
958,1952,1758,1762,DATE,1952
959,1990,1787,1791,DATE,1990
960,01/10/92,3282,3290,DATE,01/10/92
961,01/13/92,3576,3584,DATE,01/13/92
962,01/14/92,3945,3953,DATE,01/14/92
963,01/15/92,4583,4591,DATE,01/15/92
964,Rora,4526,4535,NAME,Rora Dose
965,01/13/92,5330,5338,DATE,01/13/92
966,01/14/92,5372,5380,DATE,01/14/92
967,01/15/92,5441,5449,DATE,01/15/92
968,Telshey,6607,6618,DOCTOR,Telshey Peg
969,TOMEDANKELL,6621,6637,DOCTOR,TOMEDANKELL WIRE
970,TELSHEY,6659,6670,DOCTOR,TELSHEY PEG
971,02-01-92,6698,6706,DATE,02-01-92
972,02/01/92,6712,6720,DATE,02/01/92
973,014894512,1,10,ID,014894512
974,0589930,15,22,ID,0589930
975,86515/6878,23,33,ID,86515/6878
976,801232,34,40,ID,801232
977,10/27/1993,41,51,DATE,10/27/1993
978,10-27-93,154,162,DATE,10-27-93
979,11-1-93,180,187,DATE,11-1-93
980,68,278,281,AGE, 68
981,1984,358,362,DATE,1984
982,Mongcana,666,686,HOSPITAL,Mongcana Ster Staarv
983,Forda,1455,1470,LOCATION,Forda Minsas Ve
984,Wyoming,1473,1480,LOCATION,Wyoming
985,1987,1686,1690,DATE,1987
986,Cesa,2932,2936,LOCATION,Cesa
987,New,2939,2947,LOCATION,New York
988,STA,3085,3092,DOCTOR,STA AGE
989,SHAA,3116,3127,DOCTOR,SHAA STONGE
990,11-1-93,3155,3162,DATE,11-1-93
991,11/01/93,3168,3176,DATE,11/01/93
992,10-28-93,2481,2489,DATE,10-28-93
993,1986,1220,1224,DATE,1986
994,1940,1175,1179,DATE,1940
995,506243692,1,10,ID,506243692
996,6305145,15,22,ID,6305145
997,159798,23,29,ID,159798
998,9093157,30,37,ID,9093157
999,2/2/2002,38,46,DATE,2/2/2002
1000,02/02/2002,193,203,DATE,02/02/2002
1001,02/14/2002,221,231,DATE,02/14/2002
"1002,413-18-46,166,190,ID,""413-18-46"
"ADMISSION DATE"""
"1003,NERTLAND,136,151,PATIENT,""NERTLAND , ELRO"""
1004,Nertland,697,705,PATIENT,Nertland
1005,84,712,714,AGE,84
1006,Fairm,973,994,HOSPITAL,Fairm of Ijordcompmac
1007,Sieh,1081,1085,DOCTOR,Sieh
1008,Shufffyfe,1090,1099,DOCTOR,Shufffyfe
1009,Sieh,5415,5419,DOCTOR,Sieh
1010,Mizy,5424,5437,DOCTOR,Mizy Flomhemp
1011,Fairm,5445,5466,HOSPITAL,Fairm of Ijordcompmac
1012,Ri,5545,5557,DOCTOR,Ri Tlandmaul
1013,Fairm,5565,5586,HOSPITAL,Fairm of Ijordcompmac
1014,FAIRM,5645,5666,HOSPITAL,FAIRM OF IJORDCOMPMAC
1015,PONTSONBARRESON,5676,5691,HOSPITAL,PONTSONBARRESON
1016,STEMSTRICTALLE,5703,5717,HOSPITAL,STEMSTRICTALLE
1017,FAIRM,5761,5782,HOSPITAL,FAIRM OF IJORDCOMPMAC
1018,MIZY,5622,5635,DOCTOR,MIZY FLOMHEMP
1019,FA,5735,5751,DOCTOR,FA KNOTTIPPSFYFE
1020,AKA,5813,5823,DOCTOR,AKA G SIEH
1021,AKA,5869,5879,DOCTOR,AKA G SIEH
1022,AKA,6013,6023,DOCTOR,AKA G SIEH
1023,TOMEDANKELL,6031,6063,DOCTOR,TOMEDANKELL DIEDREWAND FLOWAYLES
1024,AMAN,6071,6092,DOCTOR,AMAN SCKOLLMINEVUILLE
1025,WIN,6100,6115,DOCTOR,WIN E SHUFFFYFE
1026,02/13/2002,5982,5992,DATE,02/13/2002
1027,02/13/2002,5966,5976,DATE,02/13/2002
1028,03/09/2002,5887,5897,DATE,03/09/2002
1029,AKA,5934,5944,DOCTOR,AKA G SIEH
1030,506243692,1,10,ID,506243692
1031,6305145,15,22,ID,6305145
1032,60344149,23,31,ID,60344149
1033,69191368,32,40,ID,69191368
1034,1/30/2002,41,50,DATE,1/30/2002
1035,506243692,1,10,ID,506243692
1036,6305145,15,22,ID,6305145
1037,60344149,23,31,ID,60344149
1038,69191368,32,40,ID,69191368
1039,5/19/2002,41,50,DATE,5/19/2002
1040,506243692,1,10,ID,506243692
1041,6305145,15,22,ID,6305145
1042,457846,23,29,ID,457846
1043,597698,30,36,ID,597698
1044,9/11/2002,37,46,DATE,9/11/2002
"1045,NERTLAND,136,151,PATIENT,""NERTLAND , ELRO"""
1046,413-18-46,166,175,ID,413-18-46
1047,09/11/2002,193,203,DATE,09/11/2002
1048,09/15/2002,221,231,DATE,09/15/2002
1049,Warm,888,892,PATIENT,Warm
1050,83,899,901,AGE,83
1051,Warm,1094,1098,PATIENT,Warm
1052,Connecticut,1611,1622,LOCATION,Connecticut
1053,Win,4763,4776,DOCTOR,Win Shufffyfe
1054,Shufffyfe,4859,4868,DOCTOR,Shufffyfe
1055,Lenni,5208,5223,DOCTOR,Lenni Breutzoln
1056,Warm,5965,5969,DOCTOR,Warm
1057,Connecticut,6012,6023,LOCATION,Connecticut
1058,Gie,6031,6039,DOCTOR,Gie Lung
1059,Fairm,6047,6068,HOSPITAL,Fairm of Ijordcompmac
1060,Warm,6636,6640,DOCTOR,Warm
1061,Gie,6672,6680,DOCTOR,Gie Lung
1062,Fairm,6688,6709,HOSPITAL,Fairm of Ijordcompmac
1063,Du,6793,6795,LOCATION,Du
1064,KS,6798,6800,LOCATION,KS
1065,Fairm,6832,6853,HOSPITAL,Fairm of Ijordcompmac
1066,Fa,6919,6935,DOCTOR,Fa Knottippsfyfe
1067,Fairm,6936,6957,HOSPITAL,Fairm of Ijordcompmac
1068,AKA,6986,6996,DOCTOR,AKA G LUNG
1069,AKA,7042,7052,DOCTOR,AKA G LUNG
1070,09/21/2002,7060,7070,DATE,09/21/2002
1071,AKA,7107,7117,DOCTOR,AKA G LUNG
1072,09/15/2002,7138,7148,DATE,09/15/2002
1073,09/18/2002,7154,7164,DATE,09/18/2002
1074,AKA,7184,7194,DOCTOR,AKA G LUNG
1075,AMAN,7202,7223,DOCTOR,AMAN SCKOLLMINEVUILLE
1076,WIN,7231,7246,DOCTOR,WIN E SHUFFFYFE
1077,Stemstrictalle,6885,6899,HOSPITAL,Stemstrictalle
1078,506243692,1,10,ID,506243692
1079,6305145,15,22,ID,6305145
1080,03185671,23,31,ID,03185671
1081,45240558,32,40,ID,45240558
1082,2/7/2002,41,49,DATE,2/7/2002
1083,506243692,1,10,ID,506243692
1084,6305145,15,22,ID,6305145
1085,03185671,23,31,ID,03185671
1086,45240558,32,40,ID,45240558
1087,8/19/2002,41,50,DATE,8/19/2002
1088,506243692,1,10,ID,506243692
1089,6305145,15,22,ID,6305145
1090,373897,23,29,ID,373897
1091,238607,30,36,ID,238607
1092,4/4/2000,37,45,DATE,4/4/2000
1093,04/04/2000,203,213,DATE,04/04/2000
1094,6305145,165,172,ID,6305145
1095,81,179,181,AGE,81
"1096,NERTLAND,143,158,PATIENT,""NERTLAND , ELRO"""
"1097,NERTLAND,284,299,PATIENT,""NERTLAND , ELRO"""
1098,Fairm,339,360,HOSPITAL,Fairm of Ijordcompmac
1099,04/04/2000,373,383,DATE,04/04/2000
1100,FAIRM,569,590,HOSPITAL,FAIRM OF IJORDCOMPMAC
"1101,SIEH,646,658,DOCTOR,""SIEH , AKA G"""
1102,834-226-3369,745,757,PHONE,834-226-3369
1103,333145593,1,10,ID,333145593
1104,9229891,15,22,ID,9229891
1105,50096/c65m,23,33,ID,50096/c65m
1106,571634,34,40,ID,571634
1107,12/5/1993,41,50,DATE,12/5/1993
1108,12/05/93,136,144,DATE,12/05/93
1109,12/17/93,162,170,DATE,12/17/93
1110,65,478,480,AGE,65
1111,1978,548,552,DATE,1978
1112,Wierst,626,632,DOCTOR,Wierst
1113,Noughwell,650,675,HOSPITAL,Noughwell Entanbon Health
1114,1986,679,683,DATE,1986
1115,1991,689,693,DATE,1991
"1116,December,959,974,DATE,""December , 1993"""
1117,Has,3084,3087,PATIENT,Has
1118,December,3377,3388,DATE,December 12
1119,LENNI,7503,7518,DOCTOR,LENNI BREUTZOLN
1120,12/17/93,7546,7554,DATE,12/17/93
1121,12/18/93,7560,7568,DATE,12/18/93
1122,G,7574,7580,DOCTOR,G Hemp
1123,Taarnna,7588,7599,DOCTOR,Taarnna Has
1124,506243692,1,10,ID,506243692
1125,6305145,15,22,ID,6305145
1126,897198,23,29,ID,897198
1127,871228,30,36,ID,871228
1128,5/12/2000,37,46,DATE,5/12/2000
"1129,BRIDGE,136,149,PATIENT,""BRIDGE , ELRO"""
1130,413-18-46,164,173,ID,413-18-46
1131,05/12/2000,191,201,DATE,05/12/2000
1132,05/17/2000,219,229,DATE,05/17/2000
1133,Bridge,684,690,PATIENT,Bridge
1134,81,697,699,AGE,81
1135,Bridge,992,998,PATIENT,Bridge
1136,Bridge,1137,1143,PATIENT,Bridge
"1137,December,1857,1872,DATE,""December , 1999"""
1138,Bridge,2214,2220,PATIENT,Bridge
1139,Bridge,2936,2942,PATIENT,Bridge
1140,Ewi,2665,2668,LOCATION,Ewi
1141,Bridge,5384,5390,PATIENT,Bridge
1142,Uspend,5584,5602,HOSPITAL,Uspend Harmemewood
1143,Bridge,5928,5934,PATIENT,Bridge
1144,Fraction,6105,6113,DOCTOR,Fraction
1145,Dyathenslycha,6178,6191,HOSPITAL,Dyathenslycha
1146,Nieie,6148,6170,DOCTOR,Nieie Naebrand Freierm
1147,Fraction,6574,6582,DOCTOR,Fraction
1148,AKA,6633,6647,DOCTOR,AKA G FRACTION
1149,AKA,6677,6691,DOCTOR,AKA G FRACTION
1150,06/24/2000,6699,6709,DATE,06/24/2000
1151,05/17/2000,6730,6740,DATE,05/17/2000
1152,05/22/2000,6746,6756,DATE,05/22/2000
1153,AKA,6769,6783,DOCTOR,AKA G FRACTION
1154,AMAN,6791,6812,DOCTOR,AMAN SCKOLLMINEVUILLE
1155,FA,6820,6840,DOCTOR,FA HEN KNOTTIPPSFYFE
1156,981917876,1,10,ID,981917876
1157,7380847,15,22,ID,7380847
1158,80436/9qbu,23,33,ID,80436/9qbu
1159,552080,34,40,ID,552080
1160,10/11/1993,41,51,DATE,10/11/1993
1161,10-11-93,141,149,DATE,10-11-93
1162,11-4-93,167,174,DATE,11-4-93
1163,10-11-93,360,368,DATE,10-11-93
1164,Fairm,774,795,HOSPITAL,Fairm of Ijordcompmac
1165,Tonland,619,633,HOSPITAL,Tonland County
1166,07/93,1060,1065,DATE,07/93
1167,11-3-93,4613,4620,DATE,11-3-93
1168,10-28-93,4253,4261,DATE,10-28-93
1169,Villrow,5567,5581,HOSPITAL,Villrow Health
1170,Villrow,5867,5881,HOSPITAL,Villrow Health
1171,DALYWOO,5884,5900,DOCTOR,DALYWOO DROREITE
1172,11-4-93,5928,5935,DATE,11-4-93
1173,11/04/93,5941,5949,DATE,11/04/93
1174,Villrow,4950,4964,HOSPITAL,Villrow Health
1175,Ona,2947,2950,HOSPITAL,Ona
1176,Fairm,2589,2610,HOSPITAL,Fairm of Ijordcompmac
1177,Fairm,2105,2126,HOSPITAL,Fairm of Ijordcompmac
1178,649953363,1,10,ID,649953363
1179,8723483,15,22,ID,8723483
1180,595482,23,29,ID,595482
1181,394015,30,36,ID,394015
1182,06/23/2000,37,47,DATE,06/23/2000
"1183,UPH,145,154,PATIENT,""UPH , JIM"""
1184,58,175,177,AGE,58
1185,8723483,161,168,ID,8723483
1186,06/23/2000,199,209,DATE,06/23/2000
"1187,UPH,280,289,PATIENT,""UPH , JIM"""
1188,Fairm,329,350,HOSPITAL,Fairm of Ijordcompmac
1189,06/23/2000,363,373,DATE,06/23/2000
1190,FAIRM,569,590,HOSPITAL,FAIRM OF IJORDCOMPMAC
"1191,TLANDFLENT,646,666,DOCTOR,""TLANDFLENT , MAREN S"""
1192,834-226-3369,757,769,PHONE,834-226-3369
"1193,NONE,783,799,DOCTOR,""NONE , PHYSICIAN"""
1194,29951,818,823,ID,29951
1195,649953363,1,10,ID,649953363
1196,8723483,15,22,ID,8723483
1197,071573,23,29,ID,071573
1198,292978,30,36,ID,292978
1199,11/22/2000,37,47,DATE,11/22/2000
1200,089-44-01,160,169,ID,089-44-01
1201,11/22/2000,187,197,DATE,11/22/2000
1202,12/01/2000,215,225,DATE,12/01/2000
"1203,BE,137,145,PATIENT,""BE , JIM"""
1204,Single,414,420,PATIENT,Single
1205,58,426,428,AGE,58
1206,April,590,600,DATE,April 2000
1207,September,724,738,DATE,September 2000
1208,Fairm,1009,1030,HOSPITAL,Fairm of Ijordcompmac
1209,MAREN,3767,3788,DOCTOR,MAREN STEA TLANDFLENT
1210,MAREN,3842,3858,DOCTOR,MAREN TLANDFLENT
1211,12/23/2000,3796,3806,DATE,12/23/2000
1212,LENTNY,3712,3721,DOCTOR,LENTNY BE
1213,Maren,3581,3597,DOCTOR,Maren Tlandflent
1214,Lentny,3606,3615,DOCTOR,Lentny Be
1215,Fairm,3623,3644,HOSPITAL,Fairm of Ijordcompmac
1216,12/01/2000,3879,3889,DATE,12/01/2000
1217,12/01/2000,3895,3905,DATE,12/01/2000
1218,MAREN,3918,3939,DOCTOR,MAREN STEA TLANDFLENT
1219,LENTNY,3947,3956,DOCTOR,LENTNY BE
1220,Nacalv,3381,3387,HOSPITAL,Nacalv
1221,Be,2583,2585,PATIENT,Be
1222,649953363,1,10,ID,649953363
1223,8723483,15,22,ID,8723483
1224,0396395,23,30,ID,0396395
1225,4384624,31,38,ID,4384624
1226,04/03/2000,39,49,DATE,04/03/2000
1227,649953363,1,10,ID,649953363
1228,8723483,15,22,ID,8723483
1229,0396395,23,30,ID,0396395
1230,4384624,31,38,ID,4384624
1231,11/12/2000,39,49,DATE,11/12/2000
1232,649953363,1,10,ID,649953363
1233,8723483,15,22,ID,8723483
1234,705831,23,29,ID,705831
1235,403158,30,36,ID,403158
1236,8/6/2000,37,45,DATE,8/6/2000
1237,8723483,159,166,ID,8723483
"1238,UPH,143,152,PATIENT,""UPH , JIM"""
1239,57,173,175,AGE,57
1240,08/06/2000,197,207,DATE,08/06/2000
"1241,UPH,278,287,PATIENT,""UPH , JIM"""
1242,Fairm,327,348,HOSPITAL,Fairm of Ijordcompmac
1243,08/06/2000,361,371,DATE,08/06/2000
1244,FAIRM,557,578,HOSPITAL,FAIRM OF IJORDCOMPMAC
"1245,WIERSTVERSKOTE,634,657,DOCTOR,""WIERSTVERSKOTE , NAOR H"""
1246,834-226-3369,747,759,PHONE,834-226-3369
1247,649953363,1,10,ID,649953363
1248,8723483,15,22,ID,8723483
1249,824333,23,29,ID,824333
1250,005999,30,36,ID,005999
1251,5/12/2000,37,46,DATE,5/12/2000
1252,05/12/2000,187,197,DATE,05/12/2000
1253,05/20/2000,215,225,DATE,05/20/2000
1254,089-44-01,160,169,ID,089-44-01
1255,5/20/00,836,843,DATE,5/20/00
1256,MAREN,871,887,DOCTOR,MAREN TLANDFLENT
1257,MAREN,917,938,DOCTOR,MAREN STEA TLANDFLENT
1258,07/15/2000,946,956,DATE,07/15/2000
1259,07/06/2000,976,986,DATE,07/06/2000
1260,07/11/2000,992,1002,DATE,07/11/2000
1261,MAREN,1016,1037,DOCTOR,MAREN STEA TLANDFLENT
1262,649953363,1,10,ID,649953363
1263,8723483,15,22,ID,8723483
1264,069162,23,29,ID,069162
1265,196826,30,36,ID,196826
1266,8723483,174,181,ID,8723483
1267,57,188,190,AGE,57
1268,12/24/2000,382,392,DATE,12/24/2000
1269,12/27/00,713,721,DATE,12/27/00
1270,12/24/2000,815,825,DATE,12/24/2000
"1271,Rallsversgach,791,814,DOCTOR,""Rallsversgach , Dwainco"""
1272,Dwainco,246,267,DOCTOR,Dwainco Rallsversgach
"1273,UPH,158,167,PATIENT,""UPH , JIM"""
1274,449637451,1,10,ID,449637451
1275,4544961,15,22,ID,4544961
1276,54704/5mw8,23,33,ID,54704/5mw8
1277,881119,34,40,ID,881119
1278,03/16/1992,41,51,DATE,03/16/1992
1279,03-16-92,145,153,DATE,03-16-92
1280,3-31-92,171,178,DATE,3-31-92
1281,03-23-92,455,463,DATE,03-23-92
1282,03-17-92,534,542,DATE,03-17-92
1283,Fairm,628,649,HOSPITAL,Fairm of Ijordcompmac
1284,59,591,593,AGE,59
1285,03-23-92,3457,3465,DATE,03-23-92
1286,Nilame,3656,3662,HOSPITAL,Nilame
1287,Len,4363,4380,DOCTOR,Len Fyfejescdoyle
1288,ASDH,4415,4419,HOSPITAL,ASDH
1289,Lenni,4426,4436,DOCTOR,Lenni Vera
1290,Kotebeathe,4447,4457,DOCTOR,Kotebeathe
1291,KOLO,4489,4505,DOCTOR,KOLO TITCHETLAND
1292,LENNI,4529,4539,DOCTOR,LENNI VERA
1293,LEN,4547,4564,DOCTOR,LEN FYFEJESCDOYLE
1294,04-21-92,4592,4600,DATE,04-21-92
1295,04/22/92,4606,4614,DATE,04/22/92
1296,245096078,1,10,ID,245096078
1297,9174858,15,22,ID,9174858
1298,997359,35,41,ID,997359
1299,11/3/1992,42,51,DATE,11/3/1992
1300,11/3/92,137,144,DATE,11/3/92
1301,12/6/92,162,169,DATE,12/6/92
1302,11/3,630,634,DATE,11/3
1303,68,216,218,AGE,68
1304,11/13,4020,4025,DATE,11/13
1305,12/06/92,11288,11296,DATE,12/06/92
1306,12/6/92,11275,11282,DATE,12/6/92
1307,NAREA,11234,11247,DOCTOR,NAREA SWALLOW
1308,DO,11196,11210,DOCTOR,DO JOASSCCHIRD
1309,Storm,1345,1354,HOSPITAL,Storm Mor
1310,Fairm,581,602,HOSPITAL,Fairm of Ijordcompmac
1311,559197012,1,10,ID,559197012
1312,4469096,15,22,ID,4469096
1313,80486/8ays,23,33,ID,80486/8ays
1314,271958,34,40,ID,271958
1315,9/2/1994,41,49,DATE,9/2/1994
1316,9-2-94,135,141,DATE,9-2-94
1317,9-18-94,159,166,DATE,9-18-94
"1318,September,371,390,DATE,""September 11 , 1994"""
1319,66,731,733,AGE,66
1320,September,924,933,DATE,September
1321,1993,937,941,DATE,1993
1322,February,946,954,DATE,February
1323,1993,958,962,DATE,1993
"1324,July,1348,1362,DATE,""July 22 , 1994"""
1325,September,1713,1722,DATE,September
1326,1993,1726,1730,DATE,1993
1327,February,1773,1781,DATE,February
1328,1993,1785,1789,DATE,1993
1329,September,1807,1816,DATE,September
1330,1993,1820,1824,DATE,1993
1331,February,2573,2581,DATE,February
1332,1993,2585,2589,DATE,1993
1333,February,3648,3656,DATE,February
1334,1993,3660,3664,DATE,1993
"1335,September,5996,6014,DATE,""September 2 , 1994"""
1336,Signs,6061,6066,DOCTOR,Signs
1337,Churlaunt,6075,6084,DOCTOR,Churlaunt
"1338,September,6290,6308,DATE,""September 5 , 1994"""
"1339,September,7147,7166,DATE,""September 11 , 1994"""
"1340,September,8030,8049,DATE,""September 13 , 1994"""
1341,A,9767,9778,DOCTOR,A NECESSARY
1342,G,9802,9808,DOCTOR,G HEMP
1343,9-18-94,9836,9843,DATE,9-18-94
1344,09/19/94,9849,9857,DATE,09/19/94
1345,Signs,9867,9872,DOCTOR,Signs
1346,559197012,1,10,ID,559197012
1347,4469096,15,22,ID,4469096
1348,64024/p16e,23,33,ID,64024/p16e
1349,909222,34,40,ID,909222
1350,10/24/1993,41,51,DATE,10/24/1993
1351,10-24-93,154,162,DATE,10-24-93
1352,11-2-93,180,187,DATE,11-2-93
1353,65,695,697,AGE,65
1354,05-93,314,319,DATE,05-93
1355,05-93,412,417,DATE,05-93
1356,May,777,785,DATE,May 1993
1357,10-24-93,882,890,DATE,10-24-93
1358,May,991,999,DATE,May 1993
1359,5-24,1008,1012,DATE,5-24
1360,Fairm,1200,1221,HOSPITAL,Fairm of Ijordcompmac
1361,Shuffburle,2834,2844,DOCTOR,Shuffburle
1362,Amesin,2950,2956,DOCTOR,Amesin
1363,Shuffpasc,2979,2988,DOCTOR,Shuffpasc
1364,Fairm,3324,3345,HOSPITAL,Fairm of Ijordcompmac
1365,10-24-93,3219,3227,DATE,10-24-93
1366,5-25-93,5965,5972,DATE,5-25-93
1367,10-27-93,6473,6481,DATE,10-27-93
1368,11-2-93,7348,7355,DATE,11-2-93
1369,Amesin,8372,8378,DOCTOR,Amesin
1370,Scgach,8389,8395,DOCTOR,Scgach
1371,Amesin,8604,8610,DOCTOR,Amesin
1372,Lfsquarc,9135,9143,DOCTOR,Lfsquarc
1373,Amesin,9113,9119,DOCTOR,Amesin
1374,CAGHALA,9501,9517,DOCTOR,CAGHALA UINTEELE
1375,11-3-93,9545,9552,DATE,11-3-93
1376,11/04/93,9558,9566,DATE,11/04/93
1377,Telshey,9576,9596,DOCTOR,Telshey Swatlleebtik
1378,Eri,9601,9613,DOCTOR,Eri Lfsquarc
1379,May,8313,8321,DATE,May 1993
1380,Pre,1156,1166,HOSPITAL,Pre Health
1381,Dingclearf,2992,3024,HOSPITAL,Dingclearf Alllirefaith Memorial
1382,559197012,1,10,ID,559197012
1383,4469096,15,22,ID,4469096
1384,52995/857a,23,33,ID,52995/857a
1385,292657,34,40,ID,292657
1386,7/30/1993,41,50,DATE,7/30/1993
1387,8/9/93,173,179,DATE,8/9/93
1388,7/30/93,148,155,DATE,7/30/93
1389,65,332,334,AGE,65
1390,7/30,853,857,DATE,7/30
1391,Pre,801,811,HOSPITAL,Pre Health
1392,Fairm,1064,1085,HOSPITAL,Fairm of Ijordcompmac
1393,Fairm,1138,1159,HOSPITAL,Fairm of Ijordcompmac
1394,Ra,7208,7221,DOCTOR,Ra Shuffburle
1395,Telshey,7253,7268,DOCTOR,Telshey Patient
1396,______________,7308,7322,DOCTOR,______________
1397,Lifairg,7326,7347,HOSPITAL,Lifairg Louen Likison
1398,Dose,7463,7467,DOCTOR,Dose
1399,CA,7470,7478,DOCTOR,CA SHUFF
1400,8/9/93,7506,7512,DATE,8/9/93
1401,08/10/93,7518,7526,DATE,08/10/93
1402,134300717,1,10,ID,134300717
1403,9099750,15,22,ID,9099750
1404,22777/5p0t,23,33,ID,22777/5p0t
1405,355178,34,40,ID,355178
1406,2/23/1993,41,50,DATE,2/23/1993
1407,2-23-93,168,175,DATE,2-23-93
1408,2-24-93,193,200,DATE,2-24-93
1409,Fairm,366,387,HOSPITAL,Fairm of Ijordcompmac
1410,Taroby,411,425,PATIENT,Taroby Patient
1411,70,430,432,AGE,70
1412,Fairm,905,926,HOSPITAL,Fairm of Ijordcompmac
1413,February,1108,1119,DATE,February 23
1414,Patient,1126,1133,PATIENT,Patient
1415,Patient,1151,1158,DOCTOR,Patient
1416,70,1980,1982,AGE,70
1417,Patient,2831,2838,PATIENT,Patient
1418,Fairm,2956,2977,HOSPITAL,Fairm of Ijordcompmac
"1419,February,2901,2919,DATE,""February 23 , 1993"""
1420,Patient,3414,3421,PATIENT,Patient
1421,February,3626,3637,DATE,February 24
1422,Patient,3858,3865,PATIENT,Patient
1423,Guabenfranda,3936,3956,DOCTOR,Guabenfranda Patient
1424,CA,4016,4024,DOCTOR,CA SHUFF
1425,GUABENFRANDA,4048,4068,DOCTOR,GUABENFRANDA PATIENT
1426,2-24-93,4096,4103,DATE,2-24-93
1427,02/26/93,4109,4117,DATE,02/26/93
1428,169333047,1,10,ID,169333047
1429,4852999,15,22,ID,4852999
1430,72670/2ol1,23,33,ID,72670/2ol1
1431,131444,34,40,ID,131444
1432,9/7/1993,41,49,DATE,9/7/1993
1433,09-07-93,135,143,DATE,09-07-93
1434,09-08-93,161,169,DATE,09-08-93
1435,9/8/93,186,192,DATE,9/8/93
1436,10/4/88,566,573,DATE,10/4/88
1437,9/5/93,749,755,DATE,9/5/93
1438,5,594,595,AGE,5
1439,Noughwell,706,731,HOSPITAL,Noughwell Entanbon Health
1440,Washington,735,745,LOCATION,Washington
1441,Noughwell,869,894,HOSPITAL,Noughwell Entanbon Health
1442,9/7/93,1501,1507,DATE,9/7/93
1443,9/7/93,1573,1579,DATE,9/7/93
1444,9/7/93,1675,1681,DATE,9/7/93
1445,Ni,1258,1260,HOSPITAL,Ni
1446,9/6/93,2156,2162,DATE,9/6/93
1447,9/6/93,2368,2374,DATE,9/6/93
1448,9/7/93,2587,2593,DATE,9/7/93
1449,9/7/93,2875,2881,DATE,9/7/93
1450,9/7/93,3015,3021,DATE,9/7/93
1451,9/7,3104,3107,DATE,9/7
1452,9/5/93,3319,3325,DATE,9/5/93
1453,9/6/93,3631,3637,DATE,9/6/93
1454,9/6/93,3556,3562,DATE,9/6/93
1455,9/7/93,3788,3794,DATE,9/7/93
1456,9/7/93,3974,3980,DATE,9/7/93
1457,Fairm,3887,3908,HOSPITAL,Fairm of Ijordcompmac
1458,Fairm,4691,4712,HOSPITAL,Fairm of Ijordcompmac
1459,Fairm,4872,4893,HOSPITAL,Fairm of Ijordcompmac
1460,9/7/93,4907,4913,DATE,9/7/93
1461,Fairm,5116,5137,HOSPITAL,Fairm of Ijordcompmac
1462,9/3/93,5483,5489,DATE,9/3/93
1463,Fairm,6205,6226,HOSPITAL,Fairm of Ijordcompmac
1464,9/7/93,7901,7907,DATE,9/7/93
1465,9/7/93,8722,8728,DATE,9/7/93
1466,Noughwell,8936,8961,HOSPITAL,Noughwell Entanbon Health
1467,Fairm,8993,9014,HOSPITAL,Fairm of Ijordcompmac
1468,Breunkote,9335,9344,DOCTOR,Breunkote
1469,Boormcose,9416,9425,DOCTOR,Boormcose
1470,ZAKAY,9606,9617,DOCTOR,ZAKAY COUGH
1471,10-20-93,9645,9653,DATE,10-20-93
1472,10/21/93,9659,9667,DATE,10/21/93
1473,10/24/93,9680,9688,DATE,10/24/93
1474,305038693,1,10,ID,305038693
1475,7533178,15,22,ID,7533178
1476,42028/zym4,23,33,ID,42028/zym4
1477,326068,34,40,ID,326068
1478,5/3/1994,41,49,DATE,5/3/1994
1479,05-03-94,138,146,DATE,05-03-94
1480,05-04-94,164,172,DATE,05-04-94
1481,05/03/94,405,413,DATE,05/03/94
1482,76,554,556,AGE,76
1483,12/92,678,683,DATE,12/92
1484,Post,501,505,DOCTOR,Post
1485,A,1662,1668,DOCTOR,A WALL
1486,DEIDA,1692,1719,DOCTOR,DEIDA K. ENRICHTER LA AREKE
1487,05-05-94,1748,1756,DATE,05-05-94
1488,05/07/94,1762,1770,DATE,05/07/94
1489,522222575,1,10,ID,522222575
1490,2197819,15,22,ID,2197819
1491,73072/3686,23,33,ID,73072/3686
1492,877333,34,40,ID,877333
1493,8/15/1993,41,50,DATE,8/15/1993
1494,8-15-93,136,143,DATE,8-15-93
1495,9-19-93,161,168,DATE,9-19-93
1496,78,215,217,AGE,78
1497,8-19-93,3366,3373,DATE,8-19-93
1498,8-21-93,3382,3389,DATE,8-21-93
1499,8-27,3759,3763,DATE,8-27
1500,8-31-93,3972,3979,DATE,8-31-93
1501,9-8-93,4042,4048,DATE,9-8-93
1502,Signs,4349,4354,DOCTOR,Signs
1503,8-29-93,4707,4714,DATE,8-29-93
1504,9-2-93,4747,4753,DATE,9-2-93
1505,9-4-93,4867,4873,DATE,9-4-93
1506,9-12,5588,5592,DATE,9-12
1507,9-13,5595,5599,DATE,9-13
1508,9-14-93,5604,5611,DATE,9-14-93
1509,9-19-93,5799,5806,DATE,9-19-93
1510,463-8992,6977,6985,PHONE,463-8992
1511,GUABENFRANDA,7129,7150,DOCTOR,GUABENFRANDA D. FOLEY
1512,9-19-93,7178,7185,DATE,9-19-93
1513,09/19/93,7191,7199,DATE,09/19/93
1514,9-5-93,2038,2044,DATE,9-5-93
1515,737816210,1,10,ID,737816210
1516,8908118,15,22,ID,8908118
1517,64281/21be,23,33,ID,64281/21be
1518,765204,34,40,ID,765204
1519,9/22/1993,41,50,DATE,9/22/1993
1520,9-22-93,136,143,DATE,9-22-93
1521,10-7-93,161,168,DATE,10-7-93
1522,75,208,210,AGE,75
1523,January,473,485,DATE,January 1992
1524,Tah,1202,1230,HOSPITAL,Tah Erri Dearenorow Todblora
1525,Fairm,1578,1599,HOSPITAL,Fairm of Ijordcompmac
1526,9/24/93,2975,2982,DATE,9/24/93
1527,9/24/93,3361,3368,DATE,9/24/93
1528,9/24/93,3411,3418,DATE,9/24/93
1529,9/29/93,3724,3731,DATE,9/29/93
1530,10/1/93,4249,4256,DATE,10/1/93
1531,10/2/93,4365,4372,DATE,10/2/93
1532,10/6/93,4694,4701,DATE,10/6/93
1533,10/7/93,4835,4842,DATE,10/7/93
1534,10/8/93,4846,4853,DATE,10/8/93
1535,9/29/93,4961,4968,DATE,9/29/93
1536,9/24/93,5071,5078,DATE,9/24/93
1537,Bodlkotesmitre,5443,5457,DOCTOR,Bodlkotesmitre
1538,Shuff,5478,5483,DOCTOR,Shuff
1539,STA,5634,5646,DOCTOR,STA BODEJOVE
1540,10-6-93,5674,5681,DATE,10-6-93
1541,10/06/93,5687,5695,DATE,10/06/93
1542,369661959,1,10,ID,369661959
1543,2000551,15,22,ID,2000551
1544,29383/3lyb,23,33,ID,29383/3lyb
1545,566239,34,40,ID,566239
1546,7/27/1994,41,50,DATE,7/27/1994
1547,7-27-94,171,178,DATE,7-27-94
1548,8-16-94,196,203,DATE,8-16-94
1549,8-2-94,344,350,DATE,8-2-94
1550,52,399,401,AGE,52
1551,03/92,495,500,DATE,03/92
1552,Ma,4109,4111,DOCTOR,Ma
1553,Brook,3566,3571,HOSPITAL,Brook
1554,Santea,4424,4438,HOSPITAL,Santea Gehawhi
1555,ANA,4458,4466,DOCTOR,ANA V. A
1556,ONGNIQUE,4490,4501,DOCTOR,ONGNIQUE MA
1557,8-16-94,4529,4536,DATE,8-16-94
1558,08/16/94,4542,4550,DATE,08/16/94
1559,333521954,1,10,ID,333521954
1560,9558642,15,22,ID,9558642
1561,616751,23,29,ID,616751
1562,7916543,30,37,ID,7916543
1563,2/23/2005,38,47,DATE,2/23/2005
"1564,WIEGNEIGH,155,170,PATIENT,""WIEGNEIGH , YLA"""
1565,9558642,177,184,ID,9558642
1566,53,191,193,AGE,53
1567,02/23/2005,215,225,DATE,02/23/2005
1568,GETZSIEH,246,254,DOCTOR,GETZSIEH
1569,02/23/2005,359,369,DATE,02/23/2005
1570,Ala,753,792,DOCTOR,Ala Aixknoleskaysneighslemteelenortkote
1571,576-598-7570,839,851,PHONE,576-598-7570
"1572,NIQUE,1030,1044,DOCTOR,""NIQUE , TOYA N"""
1573,21636,1063,1068,ID,21636
1574,WORK,262,266,DOCTOR,WORK
"1575,WORK,1096,1113,DOCTOR,""WORK , SHELLBETHA"""
1576,02/23/2005,1121,1131,DATE,02/23/2005
1577,534644131,1,10,ID,534644131
1578,9393835,15,22,ID,9393835
1579,24529/65a4,23,33,ID,24529/65a4
1580,204379,34,40,ID,204379
1581,4/28/1993,41,50,DATE,4/28/1993
1582,4/28/93,154,161,DATE,4/28/93
1583,5/15/93,179,186,DATE,5/15/93
1584,74,523,525,AGE,74
1585,4/28/93,648,655,DATE,4/28/93
1586,January,770,777,DATE,January
1587,1993,781,785,DATE,1993
1588,Brain,1100,1105,DOCTOR,Brain
1589,Box,1195,1207,HOSPITAL,Box Memorial
1590,Fairm,2359,2380,HOSPITAL,Fairm of Ijordcompmac
1591,Fairm,614,635,HOSPITAL,Fairm of Ijordcompmac
1592,Brain,2415,2420,DOCTOR,Brain
"1593,Leschle,3111,3132,ADDRESS,""Leschle Drive , Sonpo"""
1594,Shatermivaet,4371,4391,DOCTOR,Shatermivaet S Brain
1595,4/28/93,4395,4402,DATE,4/28/93
1596,4/29/93,4689,4696,DATE,4/29/93
1597,4/30/93,4884,4891,DATE,4/30/93
1598,5/6/93,5988,5994,DATE,5/6/93
1599,Trial,5917,5922,DOCTOR,Trial
1600,5/7,6494,6497,DATE,5/7
1601,Terchestlumnesamp,7548,7565,HOSPITAL,Terchestlumnesamp
1602,LENNI,7932,7943,DOCTOR,LENNI BRAIN
1603,ERTCA,7967,7978,DOCTOR,ERTCA TRIAL
1604,05/15/93,8006,8014,DATE,05/15/93
1605,05/15/93,8020,8028,DATE,05/15/93
1606,Trial,8038,8043,DOCTOR,Trial
1607,Ertca,8046,8056,DOCTOR,Ertca Dirk
1608,Lenni,8063,8074,DOCTOR,Lenni Brain
1609,5/5,5953,5956,DATE,5/5
1610,579143583,1,10,ID,579143583
1611,9602862,15,22,ID,9602862
1612,033296,23,29,ID,033296
1613,771147,30,36,ID,771147
1614,12/11/1998,37,47,DATE,12/11/1998
1615,755-00-73,174,183,ID,755-00-73
1616,12/11/1998,201,211,DATE,12/11/1998
1617,12/12/1998,229,239,DATE,12/12/1998
"1618,BREUN,141,159,PATIENT,""BREUN , CALINDPH N"""
1619,08/93,1113,1118,DATE,08/93
1620,55,798,800,AGE,55
1621,Jescdrig,2586,2594,DOCTOR,Jescdrig
1622,ICD,2668,2671,HOSPITAL,ICD
1623,CA,2681,2689,DOCTOR,CA SHUFF
1624,RYNA,2739,2752,DOCTOR,RYNA JESCDRIG
1625,12/12/1998,2774,2784,DATE,12/12/1998
1626,12/17/1998,2790,2800,DATE,12/17/1998
1627,RYNA,2814,2833,DOCTOR,RYNA RAANA JESCDRIG
1628,963005114,1,10,ID,963005114
1629,1704696,15,22,ID,1704696
1630,04773/k096,23,33,ID,04773/k096
1631,064394,34,40,ID,064394
1632,5/3/1993,41,49,DATE,5/3/1993
1633,5-3-93,155,161,DATE,5-3-93
1634,5-12-93,179,186,DATE,5-12-93
1635,Stain,371,376,PATIENT,Stain
1636,Oreiewlefell,402,454,HOSPITAL,Oreiewlefell Merkane I Penaltbridgesgreat University
1637,Wire,1674,1678,DOCTOR,Wire
1638,STAIN,2877,2887,DOCTOR,STAIN J. A
1639,6-4-93,2915,2921,DATE,6-4-93
1640,06/05/93,2927,2935,DATE,06/05/93
1641,Bolmshi,2891,2898,DOCTOR,Bolmshi
1642,July,3690,3697,DATE,July 12
1643,Fyfekote,3856,3864,DOCTOR,Fyfekote
1644,Fyfekote,4008,4016,DOCTOR,Fyfekote
1645,July,3896,3903,DATE,July 13
1646,Bolmshi,566,573,DOCTOR,Bolmshi
1647,January,577,589,DATE,January 1993
1648,82,377,379,AGE,82
1649,7-13-93,199,206,DATE,7-13-93
1650,7-8-93,175,181,DATE,7-8-93
1651,7/8/1993,41,49,DATE,7/8/1993
1652,953418603,1,10,ID,953418603
1653,0079981,15,22,ID,0079981
1654,98269/n795,23,33,ID,98269/n795
1655,168671,34,40,ID,168671
1656,January,458,470,DATE,January 1993
1657,Iowa,474,478,LOCATION,Iowa
1658,SIE,4066,4080,DOCTOR,SIE FLYTHEGACH
1659,DOJE,4104,4116,DOCTOR,DOJE BOLMSHI
1660,7-13-93,4144,4151,DATE,7-13-93
1661,07/13/93,4157,4165,DATE,07/13/93
1662,289811204,1,10,ID,289811204
1663,2696998,15,22,ID,2696998
1664,22684/ukjj,23,33,ID,22684/ukjj
1665,819579,34,40,ID,819579
1666,4/16/1993,41,50,DATE,4/16/1993
1667,4/16/93,147,154,DATE,4/16/93
1668,4/23/93,172,179,DATE,4/23/93
1669,85,295,297,AGE,85
1670,1959,1043,1047,DATE,1959
1671,1980,1093,1097,DATE,1980
1672,03/93,1141,1146,DATE,03/93
1673,Shuff,3158,3163,DOCTOR,Shuff
1674,4/17/93,3474,3481,DATE,4/17/93
1675,4/16/93,3078,3085,DATE,4/16/93
1676,4/22/93,4118,4125,DATE,4/22/93
1677,Encharlea,4393,4405,HOSPITAL,Encharlea Il
1678,New,4424,4437,LOCATION,New Hampshire
1679,4/17/93,4532,4539,DATE,4/17/93
1680,Encharlea,5008,5020,HOSPITAL,Encharlea Il
1681,Level,5466,5471,DOCTOR,Level
1682,LAYMIE,5474,5485,DOCTOR,LAYMIE M HE
1683,LILLBI,5509,5523,DOCTOR,LILLBI SERVICE
1684,4/22/93,5551,5558,DATE,4/22/93
1685,04/22/93,5564,5572,DATE,04/22/93
1686,Lako,5582,5594,DOCTOR,Lako Service
1687,451135846,1,10,ID,451135846
1688,8900212,15,22,ID,8900212
1689,74387/9437,23,33,ID,74387/9437
1690,612861,34,40,ID,612861
1691,4/23/1993,41,50,DATE,4/23/1993
1692,4-23-93,136,143,DATE,4-23-93
1693,4-25-93,161,168,DATE,4-25-93
1694,September,1044,1058,DATE,September 1992
1695,1984,1112,1116,DATE,1984
1696,83,339,341,AGE,83
1697,Fairm,495,516,HOSPITAL,Fairm of Ijordcompmac
1698,1993,543,547,DATE,1993
1699,April,994,1004,DATE,April 1989
1700,4-24-93,1921,1928,DATE,4-24-93
1701,Scst.ontdrain,2859,2883,HOSPITAL,Scst.ontdrain University
1702,4-24-93,3791,3798,DATE,4-24-93
1703,4-25-93,3835,3842,DATE,4-25-93
1704,Da,4034,4050,HOSPITAL,Da Valley Health
1705,Ri,4057,4071,DOCTOR,Ri Roleubbreun
1706,Shuff,4097,4102,DOCTOR,Shuff
1707,CA,4190,4196,DOCTOR,CA WAR
1708,RI,4220,4226,DOCTOR,RI WAR
1709,4-25-93,4254,4261,DATE,4-25-93
1710,04/25/93,4267,4275,DATE,04/25/93
1711,801499036,1,10,ID,801499036
1712,3380885,15,22,ID,3380885
1713,04891/6516,23,33,ID,04891/6516
1714,412982,34,40,ID,412982
1715,06/06/1993,41,51,DATE,06/06/1993
1716,06-06-93,137,145,DATE,06-06-93
1717,06-07-93,163,171,DATE,06-07-93
1718,68,218,220,AGE,68
1719,GUABENFRANDA,1775,1793,DOCTOR,GUABENFRANDA D. PO
1720,06-07-93,1821,1829,DATE,06-07-93
1721,06/09/93,1835,1843,DATE,06/09/93
1722,210974938,1,10,ID,210974938
1723,4139381,15,22,ID,4139381
1724,98764/u6tl,23,33,ID,98764/u6tl
1725,722206,34,40,ID,722206
1726,5/30/1993,41,50,DATE,5/30/1993
1727,5-30-93,145,152,DATE,5-30-93
1728,6-2-93,170,176,DATE,6-2-93
1729,63,468,470,AGE,63
1730,April,776,786,DATE,April 1993
1731,Founder,2326,2338,ADDRESS,Founder 's 7
1732,Guabenfranda,3174,3190,DOCTOR,Guabenfranda Day
1733,CA,3207,3215,DOCTOR,CA SHUFF
1734,6-2,3243,3249,DATE,6-2 93
1735,06/04/93,3255,3263,DATE,06/04/93
1736,GUABENFRANDA,3269,3285,DOCTOR,GUABENFRANDA DAY
1737,694467643,1,10,ID,694467643
1738,7327698,15,22,ID,7327698
1739,47130/04v4,23,33,ID,47130/04v4
1740,120605,34,40,ID,120605
1741,06/29/1992,41,51,DATE,06/29/1992
1742,06/29/92,164,172,DATE,06/29/92
1743,07/27/92,190,198,DATE,07/27/92
1744,Villesatelkscurb,391,407,PATIENT,Villesatelkscurb
1745,fifty,413,423,AGE,fifty year
1746,1966,864,868,DATE,1966
"1747,July,1685,1699,DATE,""July 15 , 1992"""
"1748,July,3681,3695,DATE,""July 15 , 1992"""
1749,STA,3698,3716,DOCTOR,STA TITCHEGRIESESC
1750,KIVERL,3740,3763,DOCTOR,KIVERL NA CANTSLEDDJESC
1751,07/28/92,3791,3799,DATE,07/28/92
1752,07/28/92,3805,3813,DATE,07/28/92
1753,723622483,1,10,ID,723622483
1754,0357068,15,22,ID,0357068
1755,69312/kvf1,23,33,ID,69312/kvf1
1756,792725,34,40,ID,792725
1757,11/25/1993,41,51,DATE,11/25/1993
1758,11-25-93,137,145,DATE,11-25-93
1759,11-29-93,163,171,DATE,11-29-93
1760,11/25/93,316,324,DATE,11/25/93
1761,75,362,364,AGE,75
1762,Fairm,713,734,HOSPITAL,Fairm of Ijordcompmac
1763,PA,600,602,LOCATION,PA
1764,Tallt,592,597,LOCATION,Tallt
1765,Sarocheley,1146,1156,LOCATION,Sarocheley
1766,PA,1159,1161,LOCATION,PA
1767,11/25/93,1931,1939,DATE,11/25/93
1768,11/29/93,2351,2359,DATE,11/29/93
1769,NABETH,2440,2452,DOCTOR,NABETH NIGHT
1770,12-19-93,2480,2488,DATE,12-19-93
1771,12/20/93,2494,2502,DATE,12/20/93
1772,755646616,1,10,ID,755646616
1773,1894315,15,22,ID,1894315
1774,68716/8x17,23,33,ID,68716/8x17
1775,022972,34,40,ID,022972
1776,4/13/1994,41,50,DATE,4/13/1994
1777,4/13/94,162,169,DATE,4/13/94
1778,4/20/94,187,194,DATE,4/20/94
1779,9/9/1930,211,219,DATE,9/9/1930
1780,Days,369,373,PATIENT,Days
1781,Days,613,617,PATIENT,Days
1782,Lockstrip,705,714,DOCTOR,Lockstrip
1783,Rekefreiermin,719,732,DOCTOR,Rekefreiermin
1784,Days,916,920,PATIENT,Days
1785,Days,1252,1256,PATIENT,Days
1786,December,1232,1245,DATE,December 1993
1787,October,1062,1074,DATE,October 1993
1788,February,1469,1482,DATE,February 1993
1789,Days,1489,1493,PATIENT,Days
1790,03/23/94,2014,2022,DATE,03/23/94
1791,Days,2029,2033,PATIENT,Days
1792,Fairm,2051,2072,HOSPITAL,Fairm of Ijordcompmac
1793,September,2332,2346,DATE,September 1993
1794,09/93,2408,2413,DATE,09/93
"1795,January,3822,3838,DATE,""January 9 , 1993"""
1796,63,4329,4331,AGE,63
1797,15th,7325,7338,DATE,15th of April
1798,Besti,8145,8160,DOCTOR,Besti Kotebreun
1799,Skizeis,8203,8210,DOCTOR,Skizeis
1800,ELLOT,8239,8249,DOCTOR,ELLOT DAYS
1801,4/16/94,8278,8285,DATE,4/16/94
1802,04/17/94,8291,8299,DATE,04/17/94
1803,Ellot,8342,8352,DOCTOR,Ellot Days
1804,September,387,401,DATE,September 1993
1805,040059132,1,10,ID,040059132
1806,4026509,15,22,ID,4026509
1807,25202/z56k,23,33,ID,25202/z56k
1808,895332,34,40,ID,895332
1809,6/23/1993,41,50,DATE,6/23/1993
1810,6/23/93,144,151,DATE,6/23/93
1811,7/2/93,169,175,DATE,7/2/93
1812,6/24/93,435,442,DATE,6/24/93
1813,6/24/93,501,508,DATE,6/24/93
"1814,May,1045,1058,DATE,""May 27 , 1993"""
1815,Sonpathcermu,1081,1099,HOSPITAL,Sonpathcermu Jords
1816,Pauci,890,899,PATIENT,Pauci May
1817,sixty,905,916,AGE,sixty three
1818,Laymie,950,964,DOCTOR,Laymie Aslinke
"1819,June,1872,1885,DATE,""June 4 , 1993"""
1820,Hellworthston,3432,3445,HOSPITAL,Hellworthston
1821,Lenni,3741,3756,DOCTOR,Lenni Breutzoln
"1822,June,3720,3734,DATE,""June 24 , 1993"""
1823,June,4369,4376,DATE,June 26
1824,Laymie,5479,5493,DOCTOR,Laymie Aslinke
1825,MAY,5496,5501,DOCTOR,MAY A
1826,7/1/93,5529,5535,DATE,7/1/93
1827,07/02/93,5541,5549,DATE,07/02/93
1828,Daizsmaellille,5559,5573,DOCTOR,Daizsmaellille
"1829,23,5458,5471,ADDRESS,""23 Hwy , Hamp"""
"1830,Lenni,5578,5600,DOCTOR,""Lenni Breutzoln , Reos"""
1831,537167143,1,10,ID,537167143
1832,1543338,15,22,ID,1543338
1833,75053/sqyo,23,33,ID,75053/sqyo
1834,326247,34,40,ID,326247
1835,12/3/1993,41,50,DATE,12/3/1993
1836,12-3-93,157,164,DATE,12-3-93
1837,12-10-93,182,190,DATE,12-10-93
1838,47,406,408,AGE,47
1839,12-4-93,653,660,DATE,12-4-93
1840,An,647,649,DOCTOR,An
1841,Nahuter,690,697,LOCATION,Nahuter
1842,October,1270,1277,DATE,October
1843,1993,1281,1285,DATE,1993
1844,07/93,1417,1422,DATE,07/93
1845,An,1550,1552,DOCTOR,An
1846,1965,2185,2189,DATE,1965
1847,12-4-93,3927,3934,DATE,12-4-93
1848,TVI,5250,5258,DOCTOR,TVI POST
1849,REG,5282,5293,DOCTOR,REG V. POST
1850,1-4-94,5321,5327,DATE,1-4-94
1851,01/05/94,5333,5341,DATE,01/05/94
1852,Comfort,5126,5137,ORGANIZATION,Comfort Inn
1853,Aujer,5164,5173,HOSPITAL,Aujer Cin
1854,12/92,797,802,DATE,12/92
1855,12-4-93,350,357,DATE,12-4-93
1856,145980160,1,10,ID,145980160
1857,6382196,15,22,ID,6382196
1858,94916/ly7e,23,33,ID,94916/ly7e
1859,289653,34,40,ID,289653
1860,06/30/1993,41,51,DATE,06/30/1993
1861,06-30-93,137,145,DATE,06-30-93
1862,07-06-93,163,171,DATE,07-06-93
1863,67,363,365,AGE,67
1864,05/05/93,892,900,DATE,05/05/93
1865,FIH,904,907,HOSPITAL,FIH
1866,06/30/93,2376,2384,DATE,06/30/93
1867,Iechalette,3639,3656,DOCTOR,Iechalette Cancer
1868,SIE,3673,3681,DOCTOR,SIE ROOM
1869,IECHALETTE,3705,3720,DOCTOR,IECHALETTE ROOM
1870,07-07-93,3749,3757,DATE,07-07-93
1871,07/08/93,3763,3771,DATE,07/08/93
1872,Na,3781,3791,DOCTOR,Na Dussmum
1873,07/03,2896,2901,DATE,07/03
1874,733882247,1,10,ID,733882247
1875,3868882,15,22,ID,3868882
1876,40121/zd4v,23,33,ID,40121/zd4v
1877,300846,34,40,ID,300846
1878,11/18/1993,41,51,DATE,11/18/1993
1879,11/18/93,165,173,DATE,11/18/93
1880,11/29/93,191,199,DATE,11/29/93
1881,11/25/93,619,627,DATE,11/25/93
1882,11/25/93,536,544,DATE,11/25/93
1883,11/23/93,729,737,DATE,11/23/93
1884,45,788,790,AGE,45
1885,Tauaswatl,773,782,PATIENT,Tauaswatl
1886,Tauaswatl,905,914,PATIENT,Tauaswatl
1887,Fairm,854,875,HOSPITAL,Fairm of Ijordcompmac
1888,May,1152,1155,DATE,May
1889,1993,1159,1163,DATE,1993
"1890,Jul,1447,1460,DATE,""Jul 27 , 1993"""
1891,Nor,1537,1548,HOSPITAL,Nor Chi Gay
1892,Fairm,5090,5111,HOSPITAL,Fairm of Ijordcompmac
1893,Lynea,5159,5172,DOCTOR,Lynea Moyduhe
1894,11/25/93,6093,6101,DATE,11/25/93
1895,11/29/93,7316,7324,DATE,11/29/93
1896,Moyduhe,7489,7496,DOCTOR,Moyduhe
1897,LUPEVICKETTE,7601,7619,DOCTOR,LUPEVICKETTE L. CA
1898,LYNEA,7643,7656,DOCTOR,LYNEA MOYDUHE
1899,11/29/93,7684,7692,DATE,11/29/93
1900,11/30/93,7698,7706,DATE,11/30/93
1901,280594741,1,10,ID,280594741
1902,7060363,15,22,ID,7060363
1903,70349/v957,23,33,ID,70349/v957
1904,068215,34,40,ID,068215
1905,7/2/1993,41,49,DATE,7/2/1993
1906,7-2-93,149,155,DATE,7-2-93
1907,7-30-93,173,180,DATE,7-30-93
1908,Breath,501,507,PATIENT,Breath
1909,32,514,516,AGE,32
1910,Giles,839,848,HOSPITAL,Giles Min
1911,Fairm,1057,1078,HOSPITAL,Fairm of Ijordcompmac
1912,July,3834,3840,DATE,July 4
1913,July,5308,5314,DATE,July 5
1914,July,5631,5638,DATE,July 10
1915,July,6117,6124,DATE,July 17
1916,July,6437,6444,DATE,July 26
1917,July,6565,6572,DATE,July 29
"1918,July,6727,6741,DATE,""July 30 , 1993"""
1919,Mason,7784,7796,ADDRESS,Mason Street
1920,RISSPA,7799,7812,DOCTOR,RISSPA BREATH
1921,08-07-93,7840,7848,DATE,08-07-93
1922,08/08/93,7854,7862,DATE,08/08/93
1923,086513773,1,10,ID,086513773
1924,5078706,15,22,ID,5078706
1925,58262/gv5v,23,33,ID,58262/gv5v
1926,008122,34,40,ID,008122
1927,01/22/93,189,197,DATE,01/22/93
1928,Louplardkote,231,243,PATIENT,Louplardkote
1929,70,249,251,AGE,70
1930,02/92,447,452,DATE,02/92
"1931,March,458,470,DATE,""March , 1993"""
"1932,October,606,620,DATE,""October , 1993"""
1933,12/29,868,873,DATE,12/29
1934,01/15/93,2603,2611,DATE,01/15/93
1935,Chitllik,2936,2949,DOCTOR,Chitllik Kote
1936,01/22/93,6048,6056,DATE,01/22/93
1937,01/17/93,6347,6355,DATE,01/17/93
1938,Chitllik,6363,6376,DOCTOR,Chitllik Kote
1939,Chitllik,6658,6671,DOCTOR,Chitllik Kote
1940,Naka,6708,6717,DOCTOR,Naka Jesc
1941,Tomedankell,6747,6768,DOCTOR,Tomedankell Flowayles
1942,Sephsandpot,6772,6783,HOSPITAL,Sephsandpot
1943,Chandbay,6794,6802,LOCATION,Chandbay
1944,LEEN,6805,6819,DOCTOR,LEEN PAUGBREUN
1945,CHITLLIK,6843,6856,DOCTOR,CHITLLIK KOTE
1946,01/24/93,6884,6892,DATE,01/24/93
1947,01/26/93,6898,6906,DATE,01/26/93
1948,Chitllik,6912,6925,DOCTOR,Chitllik Kote
1949,Naka,6933,6942,DOCTOR,Naka Jesc
1950,Tomedankell,6950,6971,DOCTOR,Tomedankell Flowayles
1951,Minnesota,7010,7019,LOCATION,Minnesota
1952,Carsterl,6999,7007,LOCATION,Carsterl
1953,02/24/93,7027,7035,DATE,02/24/93
1954,463067067,1,10,ID,463067067
1955,7339944,15,22,ID,7339944
1956,31403/p8v6,23,33,ID,31403/p8v6
1957,363828,34,40,ID,363828
1958,1/6/1994,41,49,DATE,1/6/1994
1959,01/06/94,174,182,DATE,01/06/94
1960,02/17/94,200,208,DATE,02/17/94
1961,1/13/94,414,421,DATE,1/13/94
1962,2/14/94,626,633,DATE,2/14/94
1963,Scarv,685,690,PATIENT,Scarv
1964,70,696,698,AGE,70
1965,1/6/94,1088,1094,DATE,1/6/94
1966,1/13/94,2781,2788,DATE,1/13/94
1967,2/14/94,4710,4717,DATE,2/14/94
1968,RIELLEUS,5496,5510,DOCTOR,RIELLEUS LARGE
1969,2/17/94,5438,5445,DATE,2/17/94
1970,02/17/94,5539,5547,DATE,02/17/94
1971,02/19/94,5553,5561,DATE,02/19/94
1972,405507617,1,10,ID,405507617
1973,2887168,15,22,ID,2887168
1974,132052,23,29,ID,132052
1975,543394,30,36,ID,543394
1976,11/12/2002,37,47,DATE,11/12/2002
"1977,SPALDFREIERMPLCA,141,167,PATIENT,""SPALDFREIERMPLCA , IEOLY E"""
1978,11/12/2002,209,219,DATE,11/12/2002
1979,11/15/2002,237,247,DATE,11/15/2002
1980,44,351,353,AGE,44
1981,251-62-95,182,191,ID,251-62-95
1982,44,520,522,AGE,44
1983,1998,770,774,DATE,1998
1984,1998,1121,1125,DATE,1998
1985,44,1658,1660,AGE,44
1986,11/15/02,4664,4672,DATE,11/15/02
1987,Flythegach,4871,4881,DOCTOR,Flythegach
1988,LATO,5051,5066,DOCTOR,LATO TIKFREIERM
1989,LATO,5120,5135,DOCTOR,LATO TIKFREIERM
1990,11/14/2002,5156,5166,DATE,11/14/2002
1991,11/19/2002,5172,5182,DATE,11/19/2002
1992,SIE,5195,5209,DOCTOR,SIE FLYTHEGACH
1993,TIFFILL,5217,5232,DOCTOR,TIFFILL SAPNINS
1994,STA,5240,5260,DOCTOR,STA THERNLIN BALLOON
1995,LATO,5268,5283,DOCTOR,LATO TIKFREIERM
1996,Jofredd,5298,5311,DOCTOR,Jofredd Mones
1997,722658902,1,10,ID,722658902
1998,752245,23,29,ID,752245
1999,6569233,15,22,ID,6569233
2000,342628,30,36,ID,342628
2001,1/1/2001,37,45,DATE,1/1/2001
"2002,KOTEGRENDLUIN,143,164,PATIENT,""KOTEGRENDLUIN , SHARO"""
2003,6569233,171,178,ID,6569233
2004,65,185,187,AGE,65
2005,01/01/2001,209,219,DATE,01/01/2001
"2006,KOTEGRENDLUIN,290,311,PATIENT,""KOTEGRENDLUIN , SHARO"""
2007,Fairm,351,372,HOSPITAL,Fairm of Ijordcompmac
2008,01/01/2001,385,395,DATE,01/01/2001
2009,FAIRM,596,617,HOSPITAL,FAIRM OF IJORDCOMPMAC
"2010,ZETLLILLE,679,698,DOCTOR,""ZETLLILLE , RIODE R"""
2011,834-226-3369,875,887,PHONE,834-226-3369
"2012,LASHARG,901,916,PATIENT,""LASHARG , ASH D"""
2013,27675,935,940,ID,27675
2014,340169283,1,10,ID,340169283
2015,7602710,15,22,ID,7602710
2016,94633/64ub,23,33,ID,94633/64ub
2017,692217,34,40,ID,692217
2018,3/28/1994,41,50,DATE,3/28/1994
2019,03-28-94,128,136,DATE,03-28-94
2020,03-31-94,154,162,DATE,03-31-94
2021,56,360,362,AGE,56
2022,Fayran,400,411,LOCATION,Fayran Wara
2023,Fairm,620,641,HOSPITAL,Fairm of Ijordcompmac
"2024,Ln,723,736,ORGANIZATION,""Ln , Ingloard"""
2025,25th,775,779,DATE,25th
2026,1991,1337,1341,DATE,1991
"2027,July,1447,1458,DATE,""July , 1993"""
2028,Sephsandpot,1353,1364,HOSPITAL,Sephsandpot
2029,Bless,4660,4665,HOSPITAL,Bless
2030,Breath,4757,4763,DOCTOR,Breath
2031,Bless,4771,4776,HOSPITAL,Bless
2032,338-0939,4798,4806,PHONE,338-0939
2033,TIFFILL,4809,4823,DOCTOR,TIFFILL BREATH
2034,03-31-94,4851,4859,DATE,03-31-94
2035,03/31/94,4865,4873,DATE,03/31/94
2036,942840618,1,10,ID,942840618
2037,7113925,15,22,ID,7113925
2038,2524,23,27,ID,2524
2039,641867,28,34,ID,641867
2040,6/13/1994,35,44,DATE,6/13/1994
2041,126-10-12,167,176,ID,126-10-12
2042,06/13/94,194,202,DATE,06/13/94
2043,07/01/94,220,228,DATE,07/01/94
2044,6/13/94,416,423,DATE,6/13/94
2045,6/17/94,459,466,DATE,6/17/94
2046,56,536,538,AGE,56
2047,RATA,140,150,PATIENT,RATA GIVEN
2048,1981,702,706,DATE,1981
2049,Given,655,660,PATIENT,Given
2050,February,750,763,DATE,February 1992
"2051,August,896,909,DATE,""August , 1993"""
2052,April,1665,1670,DATE,April
2053,Given,1555,1560,PATIENT,Given
2054,Given,1459,1464,PATIENT,Given
2055,Given,1886,1891,PATIENT,Given
2056,April,1958,1968,DATE,April 22nd
2057,Given,1975,1980,PATIENT,Given
2058,Iming,2045,2050,HOSPITAL,Iming
2059,April,2099,2109,DATE,April 22nd
2060,Given,3268,3273,PATIENT,Given
2061,Given,4175,4180,PATIENT,Given
2062,Given,4393,4398,PATIENT,Given
2063,Given,4982,4987,PATIENT,Given
2064,Given,4822,4827,PATIENT,Given
2065,Given,3669,3674,PATIENT,Given
2066,Given,7394,7399,PATIENT,Given
2067,Given,6928,6933,PATIENT,Given
2068,Given,6006,6011,PATIENT,Given
2069,Given,3820,3825,PATIENT,Given
2070,Farstshuff,4197,4207,DOCTOR,Farstshuff
2071,Needs,4513,4518,DOCTOR,Needs
2072,Needs,4543,4548,DOCTOR,Needs
2073,6/22,6081,6085,DATE,6/22
2074,6/24,6396,6400,DATE,6/24
2075,6/26,6746,6750,DATE,6/26
2076,6/29,6919,6923,DATE,6/29
2077,6/19,5392,5396,DATE,6/19
2078,7/1,7545,7548,DATE,7/1
2079,CAGHALA,7551,7566,DOCTOR,CAGHALA R. PAIN
2080,01/01/96,7587,7595,DATE,01/01/96
2081,01/04/96,7601,7609,DATE,01/04/96
2082,CAGHALA,7622,7645,DOCTOR,CAGHALA RAELMODENI PAIN
2083,6/1/96,7662,7668,DATE,6/1/96
2084,5/27/96,7693,7700,DATE,5/27/96
2085,Caghala,7708,7720,DOCTOR,Caghala Pain
2086,957770228,1,10,ID,957770228
2087,0408267,15,22,ID,0408267
2088,237890,34,40,ID,237890
2089,2/5/1994,41,49,DATE,2/5/1994
2090,2-5-94,145,151,DATE,2-5-94
2091,4-2-94,169,175,DATE,4-2-94
"2092,February,459,476,DATE,""February 6 , 1994"""
"2093,February,576,594,DATE,""February 10 , 1994"""
2094,71,854,856,AGE,71
2095,1978,1020,1024,DATE,1978
2096,1980,1130,1134,DATE,1980
"2097,February,3336,3353,DATE,""February 5 , 1994"""
"2098,February,3466,3483,DATE,""February 6 , 1994"""
2099,March,1516,1521,DATE,March
"2100,February,3805,3823,DATE,""February 10 , 1994"""
2101,February,4895,4906,DATE,February 18
2102,February,4970,4981,DATE,February 11
2103,February,5088,5099,DATE,February 18
"2104,February,5534,5552,DATE,""February 24 , 1994"""
"2105,February,5634,5652,DATE,""February 26 , 1994"""
"2106,March,5836,5850,DATE,""March 3 , 1994"""
"2107,March,6219,6234,DATE,""March 13 , 1994"""
"2108,March,6352,6367,DATE,""March 14 , 1994"""
"2109,March,6726,6741,DATE,""March 31 , 1994"""
"2110,April,6837,6851,DATE,""April 2 , 1994"""
"2111,April,7613,7627,DATE,""April 2 , 1994"""
2112,CA,7762,7770,DOCTOR,CA SHUFF
2113,RIEMIND,7794,7816,DOCTOR,RIEMIND CASLIGHLOURDES
2114,4-2-94,7844,7850,DATE,4-2-94
2115,04/03/94,7856,7864,DATE,04/03/94
2116,Sa,7699,7701,LOCATION,Sa
2117,Caslighlourdes,7368,7382,DOCTOR,Caslighlourdes
2118,Jose,7247,7260,HOSPITAL,Jose Pineston
2119,46769/5v7d,23,33,ID,46769/5v7d
2120,May,1530,1533,DATE,May
2121,1993,1537,1541,DATE,1993
2122,December,1585,1593,DATE,December
2123,1993,1597,1601,DATE,1993
2124,348983165,1,10,ID,348983165
2125,4912803,15,22,ID,4912803
2126,028205,34,40,ID,028205
2127,4/14/1994,41,51,DATE,4/14/1994 
2128,4/14/94,161,168,DATE,4/14/94
2129,4/20/94,186,193,DATE,4/20/94
"2130,April,387,402,DATE,""April 14 , 1994"""
2131,Le,438,440,PATIENT,Le
2132,seventy,446,459,AGE,seventy three
2133,Fairm,494,515,HOSPITAL,Fairm of Ijordcompmac
2134,Le,586,588,PATIENT,Le
2135,Washington,1590,1600,LOCATION,Washington
2136,Fairm,5007,5028,HOSPITAL,Fairm of Ijordcompmac
2137,Lupevickette,5079,5097,DOCTOR,Lupevickette L. Ca
2138,Vo,6603,6640,HOSPITAL,Vo Black Doylestrictshore Ft. Clinics
2139,Rourdrick,6919,6928,DOCTOR,Rourdrick
2140,Sonpathcermu,6759,6777,HOSPITAL,Sonpathcermu Jords
2141,LUPEVICKETTE,7386,7401,DOCTOR,LUPEVICKETTE CA
2142,4/19/94,7429,7436,DATE,4/19/94
2143,04/19/94,7442,7450,DATE,04/19/94
2144,97509/32z1,23,33,ID,97509/32z1
2145,Avi,1998,2005,LOCATION,Avi Den
2146,Hawaii,2008,2014,LOCATION,Hawaii
2147,815556500,1,10,ID,815556500
2148,9164371,15,22,ID,9164371
2149,974151,23,29,ID,974151
2150,617193,30,36,ID,617193
2151,12/20/2002,37,47,DATE,12/20/2002
"2152,BREUNCA,137,153,PATIENT,""BREUNCA , AREU T"""
2153,961-88-20,168,177,ID,961-88-20
2154,12/20/2002,195,205,DATE,12/20/2002
2155,12/26/2002,223,233,DATE,12/26/2002
2156,82,534,536,AGE,82
2157,12/23/2002,2662,2672,DATE,12/23/2002
2158,12/26/2002,3131,3141,DATE,12/26/2002
2159,12/26/2002,3704,3714,DATE,12/26/2002
2160,ILL,4902,4913,DOCTOR,ILL KIHDAIZ
2161,LENNI,4957,4973,DOCTOR,LENNI E N KANNER
2162,01/10/2003,4981,4991,DATE,01/10/2003
2163,LENNI,5028,5044,DOCTOR,LENNI E N KANNER
2164,12/26/2002,5066,5076,DATE,12/26/2002
2165,12/27/2002,5082,5092,DATE,12/27/2002
2166,974151,5100,5106,ID,974151
2167,LENNI,5112,5128,DOCTOR,LENNI E N KANNER
2168,ILL,5136,5147,DOCTOR,ILL KIHDAIZ
2169,871417118,1,10,ID,871417118
2170,5197462,15,22,ID,5197462
2171,52827/5248,23,33,ID,52827/5248
2172,711350,34,40,ID,711350
2173,9/5/1994,41,49,DATE,9/5/1994
2174,9/14/94,167,174,DATE,9/14/94
2175,9/5/94,143,149,DATE,9/5/94
2176,9/6/94,483,489,DATE,9/6/94
2177,03/91,809,814,DATE,03/91
2178,68,728,730,AGE,68
2179,5/18/94,985,992,DATE,5/18/94
2180,03/94,1366,1371,DATE,03/94
2181,8/25/94,1459,1466,DATE,8/25/94
2182,9/5/94,1789,1795,DATE,9/5/94
2183,9/13/94,2430,2437,DATE,9/13/94
2184,TRANGCA,2736,2753,DOCTOR,TRANGCA CHIRDSTEN
2185,9/14/94,2781,2788,DATE,9/14/94
2186,09/14/94,2794,2802,DATE,09/14/94
2187,Nabeth,2808,2826,DOCTOR,Nabeth Na Glyncred
2188,Verd,2832,2846,DOCTOR,Verd Churlaunt
2189,Besti,2854,2863,DOCTOR,Besti Ray
2190,Idaho,2873,2878,LOCATION,Idaho
2191,Za,2904,2911,LOCATION,Za Milo
2192,Telshey,2881,2894,DOCTOR,Telshey Cough
2193,Sta,2914,2932,DOCTOR,Sta Titchegriesesc
2194,Sa,2942,2944,LOCATION,Sa
2195,Oklahoma,2967,2975,LOCATION,Oklahoma
2196,10/20/94,2985,2993,DATE,10/20/94
2197,Tako,2947,2957,DOCTOR,Tako Inske
2198,625433852,1,10,ID,625433852
2199,3767370,15,22,ID,3767370
2200,25103/5cy1,23,33,ID,25103/5cy1
2201,160996,34,40,ID,160996
2202,10/1/1994,41,50,DATE,10/1/1994
2203,10-01-94,151,159,DATE,10-01-94
2204,10-10-94,177,185,DATE,10-10-94
2205,10-02-94,436,444,DATE,10-02-94
2206,10-01-94,464,472,DATE,10-01-94
2207,60,562,564,AGE,60
2208,1989,607,611,DATE,1989
2209,1989,1441,1445,DATE,1989
2210,10-02-94,2809,2817,DATE,10-02-94
2211,Duhenile,2954,2962,DOCTOR,Duhenile
2212,Fyfe,3109,3113,PATIENT,Fyfe
2213,Fyfe,3781,3785,PATIENT,Fyfe
2214,Per,4051,4070,HOSPITAL,Per Naplesspecrycet
2215,Fede,4462,4475,DOCTOR,Fede Duhenile
2216,Duhenile,4496,4504,DOCTOR,Duhenile
2217,LENNI,4517,4532,DOCTOR,LENNI BREUTZOLN
2218,FEDE,4556,4572,DOCTOR,FEDE A. DUHENILE
2219,10-10-94,4600,4608,DATE,10-10-94
2220,10/09/94,4614,4622,DATE,10/09/94
2221,914783811,1,10,ID,914783811
2222,7478819,15,22,ID,7478819
2223,972979,23,29,ID,972979
2224,644627,30,36,ID,644627
2225,8/4/1998,37,45,DATE,8/4/1998
"2226,FUSCGLOTZCANTS,177,197,PATIENT,""FUSCGLOTZCANTS , TON"""
2227,012-69-91,212,221,ID,012-69-91
2228,08/04/1998,239,249,DATE,08/04/1998
2229,08/12/98,267,275,DATE,08/12/98
2230,1992,452,456,DATE,1992
2231,8/4/98,595,601,DATE,8/4/98
2232,8/4/98,641,647,DATE,8/4/98
2233,1992,999,1003,DATE,1992
2234,12/97,1034,1039,DATE,12/97
2235,Bridges,741,748,HOSPITAL,Bridges
2236,Fairm,1396,1417,HOSPITAL,Fairm of Ijordcompmac
2237,Fairm,1451,1472,HOSPITAL,Fairm of Ijordcompmac
2238,1992,2617,2621,DATE,1992
2239,Bridges,2751,2758,HOSPITAL,Bridges
2240,Sonhunt,2958,2965,LOCATION,Sonhunt
2241,Fairm,3914,3935,HOSPITAL,Fairm of Ijordcompmac
2242,Fairm,6125,6146,HOSPITAL,Fairm of Ijordcompmac
2243,Lyjoneshutchepawalt,6351,6381,HOSPITAL,Lyjoneshutchepawalt Cleod Exre
2244,Fairm,6625,6646,HOSPITAL,Fairm of Ijordcompmac
2245,Bridges,6671,6678,HOSPITAL,Bridges
2246,Fairm,6834,6855,HOSPITAL,Fairm of Ijordcompmac
2247,Fairm,7214,7235,HOSPITAL,Fairm of Ijordcompmac
2248,Bridges,8214,8221,HOSPITAL,Bridges
2249,Bridges,8690,8697,HOSPITAL,Bridges
2250,Chpo,8744,8754,DOCTOR,Chpo Night
2251,Bridges,8762,8769,HOSPITAL,Bridges
2252,NARONDAINE,8781,8797,DOCTOR,NARONDAINE AGENT
2253,ICECA,8821,8832,DOCTOR,ICECA NIGHT
2254,08/06/1998,8853,8863,DATE,08/06/1998
2255,08/06/1998,8869,8879,DATE,08/06/1998
2256,ICECA,8892,8903,PATIENT,ICECA NIGHT
2257,NARONDAINE,8945,8961,PATIENT,NARONDAINE AGENT
2258,8/5/98,5134,5140,DATE,8/5/98
2259,81,6031,6033,AGE,81
2260,8/6/98,8710,8716,DATE,8/6/98
2261,405507617,1,10,ID,405507617
2262,2887168,15,22,ID,2887168
2263,97947758,23,31,ID,97947758
2264,91688806,32,40,ID,91688806
2265,9/10/2002,41,50,DATE,9/10/2002
2266,757750881,1,10,ID,757750881
2267,1524602,15,22,ID,1524602
2268,840559,23,29,ID,840559
2269,987221,30,36,ID,987221
2270,10/12/1998,37,47,DATE,10/12/1998
"2271,KOTE,141,153,PATIENT,""KOTE , NIE L"""
2272,706-20-99,168,177,ID,706-20-99
2273,10/12/1998,195,205,DATE,10/12/1998
2274,10/18/1998,223,233,DATE,10/18/1998
2275,65,512,514,AGE,65
2276,LENNI,7381,7390,DOCTOR,LENNI CAN
2277,08/04/1999,7411,7421,DATE,08/04/1999
2278,08/09/1999,7427,7437,DATE,08/09/1999
2279,LENNI,7450,7461,DOCTOR,LENNI E CAN
2280,Thesa,7505,7537,HOSPITAL,Thesa Health No Rockford Birmton
2281,723-763-1448,7492,7504,PHONE,723-763-1448
2282,Fairm,2052,2073,HOSPITAL,Fairm of Ijordcompmac
2283,Lafullland,647,660,HOSPITAL,Lafullland Le
"2284,Hercent,691,720,ADDRESS,""Hercent Avenue , Hisflintpa A"""
2285,Ton-balt,825,833,LOCATION,Ton-balt
2286,Maine,1326,1331,LOCATION,Maine
2287,Ty,685,687,HOSPITAL,Ty
2288,Reveverburg,7367,7378,LOCATION,Reveverburg